X		《 刑法 》 的 洩密罪 ，
X		《 服貿 風暴 三 大 疑義 ╱ 之 二 》
X		《 集會 遊行法 》 的 爭議 也 從未 停息 ；
X		《 監督 條例 》 與 《 服貿協議 》 原是 可以 同步 進行 的 工作 ，
X		「 人民 」 是 一 個 弔詭 的 概念 ，
X		「 反 服貿 」 示威 學生 發生 路線 之 爭 ，
X		「 反 服貿 」 群眾 連日 在 立法院 內外 開講 ，
X		「 反 服貿 」 學生 「 占領 立法院 」 行動 持續 進行 ，
X		「 反 服貿 」 學生 示威 演 至 如此 激烈 ，
PS	「 占領 國會 」 就 能 等同 於 「 領導 國家 」 嗎 ？	「 占領 國會 」 就 能 等同 於 「 領導 國家 」 嗎 ？
NCL	「 司法 鐵漢	「 司法 鐵漢 」 落得 如此 下場 ，
X		「 民進黨 和 台灣 社會 都 需要 往 前 跨出 一 步 ，
X		「 先 標舉 民主 ，
X	通例	「 行政 議簽 ╱ 事 後 審查 ╱ 包裹 表決 」 是 世界 民主 國家 簽訂 條約 的 通例 ，
X		「 你們 在 這裡 每 一 個 反 服貿 的 人 ，
X		「 我們 學生 已 實質 占領 了 國會 ，
LL	不攻自破	「 政治 集會 有 破壞 秩序 傾向 」 的 說法 不攻自破 。
HA	「 茉莉花 革命 」	「 茉莉花 革命 」 的 情境 與 充分 民主化 的 台灣 完全 不同 ，
X		「 荒唐 的 中年 老年人 鬧 下 了 亂子 ，
X		「 集會 遊行 」 在 多數 民眾 的 心 中 ，
PS	「 領導 國家 」 難道 不 需要 經過 公職 選舉 嗎 ？	「 領導 國家 」 難道 不 需要 經過 公職 選舉 嗎 ？
X		「 體現 民意 」 必須 經由 國會 的 多數 決 程序 ，
X		」 一般人 或許 認為 ，
PS	」 這 種 說法 不 是 很 有力 嗎 ？	」 這 種 說法 不 是 很 有力 嗎 ？
X		ＥＣＦＡ 也 改善 了 兩岸 的 互信 ，
X		ＥＣＦＡ 只是 一 個 空 的 架構 ，
X		一 、 占領 國會 絕無 正當性 。
LL	崩盤	一 、 民進黨 對 北京 當局 的 和解 政策 崩盤 ，
LL	底蘊 	一 、 呈現 了 台灣 社會 的 底蘊 ，
X		一 、 完善 ＥＣＦＡ 有助於 增加 兩岸 的 互信 與 善意 ，
LL	戲碼	一 次 一 次 上演 社會 對立 和 彼此 憎惡 的 戲碼 。
X		一 次 學生 運動 要 同時 投射 這麼多 目標 ，
X		一 是 召開 「 公民 憲政 會議 」 討論 當前 台灣 的 憲政 危機 ，
LL	「 政府 的 失 能 」	一 面 反映 的 是 「 政府 的 失 能 」 ，
X		一 個 月 前 ，
X		一 個 國家 的 深層 問題 ，
LL	虛矯	一 種 虛矯 的 「 官民 對峙 」 ，
X		一切 利弊 盡 已 公諸 社會 ，
LL	濫用	一旦 濫用 群眾 運動 ，
X		一般 民眾 對 此 案 的 利弊 有 更深 認識 ，
X		一般 烏克蘭 人民 平時 並 不 關心 政治 ，
X		一般 庶民 容或 可 說 仍 是 「 溝通 不夠 」 ，
X		一概 歸因於 兩岸 關係 。
LL	磨刀 霍霍	七 個 月 來 政治 和 司法 磨刀 霍霍 ，
X		乃至 多數 沉默 支持 者 的 體力 、 耐力 和 意志 等 因素 ，
X		乃至 兩岸 相關 的 協議 ，
X		乃至 輕易 走向 「 誓不兩立 」 的 結局 。
LL	危害	了解 它 對 台灣 產業 的 危害 。
X	省思	二 、 再度 啟發 了 對 國家 認同 的 省思 ；
X		二 、 服貿 協議 是 台灣 加入 ＴＰＰ 及 ＲＣＥＰ 的 熱身 工程 ，
X		二 、 國際 及 國內 對 台灣 民主 政治 的 評價 動搖 ，
LL	風暴	二 、 這 場 風暴 以 大學生 為 主體 ，
X		二 者 相較 ，
X		二 是 「 兩岸 協議 監督 條例 」 必須 先 完成 立法 再 審 服貿 ，
X		二 是 高估 了 社會 對 「 正義 」 的 追求 。
X		二○○八年 民進黨 執政 八 年 下台 之 時 ，
X		人民 表達 不同 意見 ，
LL	惶恐 焦慮	人民 惶恐 焦慮 ，
X		人民 間 的 意見 差異 幾乎 無法 呈現 。
X		十六 場 公聽會 、 上百 場 說明會 ，
DT	又 在 維護 什麼 樣 的 司法 正義 ？	又 在 維護 什麼 樣 的 司法 正義 ？
DT	?	又 如何 贏取 社會 民心 ？
DT	又 如何 贏得 民眾 認同 ？	又 如何 贏得 民眾 認同 ？
X		又 宣稱 無 限期 抗爭 到底 。
LL	大 爆發	又 是 這 種 對立 情緒 的 再一次 大 爆發 ，
X		又 要 經濟 上 「 倚 俄 」 ，
PS	又 豈 對 台灣 有利 ？	又 豈 對 台灣 有利 ？
X		又 毫無 解決 的 對策 ，
X		又 須 以 增進 兩岸 的 互信 為 憑藉 ，
X	過度	又 過度 醜化 對方 ，
X		又 過度 醜化 對方 ，
X		三 、 引導 思考 台灣 在 全球化 競爭 中 的 處境 ；
LL	蒙上 陰影	三 、 兩岸 關係 蒙上 陰影 ，
X		三 、 兩岸 關係 蒙上 陰影 ，
X		三三○ 凱道 示威 昨夜 和平 落幕 ，
LL	上演	上演 的 都 是 立法院 一貫 的 攻防爛戲 ，
LL	攻防爛戲	上演 的 都 是 立法院 一貫 的 攻防爛戲 ，
X		也 不 是 學生 在 專業 上 所 能 參與 ，
X		也 不 願 相信 政府 說法 。
BW	沒有 任何 國家 能 容許	也 不論 是 「 許可制 」 或 「 報備 制 」 ，
X		也 引發 了 部分 大學生 所 發起 的 「 野 草莓 」 運動 ，
X		也 未 聞 遊行 民眾 占據 政府 機關 者 。
X		也 因此 ，
X		也 因此 ，
X		也 因此 ，
X		也 因此 ，
X		也 存在 很 不同 的 想法 。
X		也 並 未 上路 ，
X		也 所以 有 國會 的 代議 政治 ，
X		也 是 他 必須 調整 的 領導 思維 。
LL	悲劇	也 是 台灣 的 悲劇 。
X		也 是 因為 臨時 政府 毫無 因應 能力 ，
LL	畫蛇添足	也 是 畫蛇添足 之 舉 。
X		也 是 程序 跳躍 。
LL	誤解	也 是 對 民主 體制 的 誤解 。
X		也 高度 收縮 了 政黨 對 違規 黨員 的 制裁權 ，
X		也 基於 社會 一向 對 大學生 的 愛護 ，
LL	排擠	也 排擠 了 其他 人 的 聲音 。
X		也 毫不 尊重 其他 民眾 。
X		也 就 缺少 一 種 「 民粹 想像 」 。
X	也 就是 要 完成 服貿 以 完善 ＥＣＦＡ 體系 。	也 就是 要 完成 服貿 以 完善 ＥＣＦＡ 體系 。
X		也 勢必 導致 陳義 過 高 而 失去 比例 原則 。
X		也 摸黑 進入 立法院 拔下 國旗 ，
X		也 應 作出 更 清楚 的 規定 。
X		也 擺 脫不了 經濟 上 倚賴 俄國 的 事實 。
X		也 難怪 學生 怒 而 攻擊 行政院 。
X		也 讓 原本 看似 平和 的 抗爭 活動 ，
X		也就是說 ，
X		大 批 國民黨 支持 者 聚集 「 逼宮 」 ，
X		大法官 這 次 新 的 解釋 中 ，
X		大法官 對 《 集會 遊行法 》 是否 侵犯 人民 集會 自由 ，
X		大約 不 是 昨天 的 有罪 判決 ，
X		大家 注意到 馬 總統 的 政治 人格 中 有 一 項 特質 ：
X		大家 都 說 「 黑箱 」 ，
X		大陸人 只要 拿 幾百萬 元 投資 ，
X		大概 已 沒 人 有 興趣 知道 答案 了 。
X		已 不 是 集會 遊行 ，
X		已 具體 回應 了 學運 的 主要 訴求 。
LL	蕩然無存	已 蕩然無存 。
X		已 邁出 「 占領 政府 」 的 第一 步 。
X		已 讓 群眾 誤認 進一步 「 占領 行政院 」 也 不會 被 驅離 和 法辦 。
X		已經 上綱 到 「 從 凱道 帶回 立院 」 ，
LL	流失	才 不會 流失 正當性 。
X		才 交由 「 行政 訴訟 」 來 審理 ，
X		才 有 最後 稱 勝 的 機會 。
X		才 排 進 委員會 審查 ；
X		才能 得到 越 高 的 回報 。
HA	「 五二○ 農運 」	不 太 容易 引發 如 民國 七十七年 「 五二○ 農運 」 那樣 激烈 的 流血 衝突 。
X		不 肯 聽從 專業 判斷 。
X		不 是 因 個別 立委 如何 了得 ，
PS	不 是 嗎 ？	不 是 嗎 ？
X		不 容許 江揆 在 現場 發言 ，
PS	不 就是 司法 干預 政治 的 危險 嗎 ？	不 就是 司法 干預 政治 的 危險 嗎 ？
X		不 敢 輕易 祭出 經濟 制裁 。
LL	搬弄	不 該 任意 搬弄 抄襲 ；
X	不 達 目的 絕不 罷休 。	不 達 目的 絕不 罷休 。
X		不 達 目的 絕不 罷休 。
PS	不 覺得 太過 自大 及 反 民主 嗎 ？	不 覺得 太過 自大 及 反 民主 嗎 ？
X	不 覺得 太過 自大 及 反 民主 嗎 ？	不 覺得 太過 自大 及 反 民主 嗎 ？
X		不少 學生 都 承認 ，
X		不只 要 處理 兩岸 連結 ，
NCL	「 零 容忍 」 的 社會	不如 說 是 「 零 容忍 」 的 社會 導致 民主 失敗 ！
X		不如 說 是 「 零 容忍 」 的 社會 導致 民主 失敗 ！
X		不但 每逢 選舉 季節 即 重演 ，
LL	徒 添 困惑	不免 徒 添 困惑 。
LL	矯情	不免 顯得 太過 矯情 。
X		不免 顯得 太過 矯情 。
LL	抹 除	不僅 一舉 抹 除了 「 政黨 」 作為 「 人民 團體 」 的 特殊性 ，
LL	牛頭不對馬嘴	不僅 牛頭不對馬嘴 ，
X		不僅 牛頭不對馬嘴 ，
LL	逾越	不僅 逾越 集會 自由 保障 的 範圍 ，
X		不僅 逾越 集會 自由 保障 的 範圍 ，
X		不僅 模糊 了 自己 原本 的 焦點 ，
LL	斥為	不過 也 有 許多 人 斥為 違法 暴力 ，
X		不過 也 有 許多 人 斥為 違法 暴力 ，
X		不過 事件 發展 迄 今 ，
X		不管 是 支持 或 反對 ，
X		不論 同不同意 此 舉 ，
X		不論 此 種 論述 是否 合於 事實 ，
X		不論 其 政治 算計 為何 ；
X		之前 朝野 提出 的 各 種 版本 《 集遊法 》 修正 草案 ，
X		之後 的 「 紅衫軍 運動 」 ，
X		五 、 形成 青年 關心 國家 及 政策 的 風氣 ，
LL	狂暴	今天 民進黨 還 在 狂暴 地 反對 服貿 協議 ，
X		今天 民進黨 還 在 狂暴 地 反對 服貿 協議 ，
X		今天 的 三三○ 行動 ，
X		今天 重返 立院 之前 ，
X		今日 占領 立院 議場 的 學生 領袖 卻 未必 是 出於 無知 ，
X		今日 台灣 「 不 經濟 」 的 景象 何其 多 ，
X		今日 的 局面 難 謂 是 與 事 者 出於 無知 ，
X		仍 有 不少 正面 意義 。
X		仍 有 諸多 正向 意義 。
X		內容 與 學運 版本 不盡 相同 ，
X		內需 則 更 萎靡 。
X		公共 政策 的 影響 涵蓋 每 一 個 國民 ，
X		反 服貿 ？
X		反 服貿 沒關係 ，
LL	藉口	反 黑箱 、 反 服貿 只是 藉口 ，
X		反 黑箱 、 反 服貿 只是 藉口 ，
LL	命 喪 	反而 命 喪 政治 與 司法 的 亂刀 之下 ；
LL	亂刀	反而 命 喪 政治 與 司法 的 亂刀 之下 ；
X		反而 是 失去 政治 舞台 的 朝野 立委 備感 落寞 ，
X		反而 是 許多 人 太過 堅持 自己 的 「 自由 」 ，
X	胡適	反而 應該 思考 一下 同樣 出於 胡適 口 中 的 另 一 句 名言 ：
X		反過來 看 ，
X		反對 者 亦 必須 省思 ，
X		反對 者 當然 有 權 選擇 他們 想要 的 方式 來 表達 不滿 ；
X		反對 學生 透過 「 占領 立法院 」 來 宣揚 自己 的 主張 ，
X		天王 們 則 輕鬆 笑看 學生 充當 綠軍 的 馬前卒 ，
X		太陽 花 學運 為 「 反 服貿 」 而 起 ，
LL	逼 得	太陽 花 學運 逼 得 「 康乃馨 運動 」 順勢 而 起 ，
X		尤其 ，
X		尤其 ，
X		尤其 ，
X		尤其 ，
X		尤其 在 媒體 的 放大 效應 下 ，
X		廿 年前 資源 缺乏 的 民進黨 ，
X		廿多 年前 ，
LL	勃然大怒	引起 蘇貞昌 勃然大怒 ，
X		引發 的 「 占領 立法院 」 行動 已經 到 了 第十二 天 。
LL	引爆	引爆 「 反 服貿 」 民眾 的 怒火 。
X		引爆 「 反 服貿 」 民眾 的 怒火 。
X		心 裡 可 曾 想 過 那些 支持 服貿 、 支持 政府 兩岸 政策 的 人 ？
X		支持 服貿 協議 的 人 呢 ，
X		支持 學運 者 ，
X		文 末 再 論 ；
X		方 不致 高喊 反 服貿 ，
X		日前 馬 總統 舉行 記者會 回應 學生 ，
X		比起 他們 稍早 對 烏克蘭 反 政府 示威 獲勝 的 驚嘆 ，
X		比較 令 人 意外 的 ，
X		王金平 所 涉 關說案 屬 行政 違失 ，
X		王金平 拒絕 出席 院際 協調 ，
X		王金平 院長 四 度 召集 朝野 黨團 代表 協商 對策 ，
X		王金平 院長 有 責任 促使 朝野 黨鞭 達成 「 逐條 審查 」 的 共識 ，
X		王金平 院長 應該 率 朝野 黨團 向 人民 鞠躬 致歉 吧 ！
X		王金平 高談 「 保護 學生 」 、 「 社會 治安 問題 」 ，
X		王金平 與 柯建銘 的 司法 關說 情節 ，
X		王柯 關說案 爆發 至今 七 個 月 ，
X		王案 判 得 輕巧 ，
NCL	 「 包養 條約 」 ，	且 倘若 真 有 那 種 「 包養 條約 」 ，
X		且 倘若 真 有 那 種 「 包養 條約 」 ，
X		且 朝野 兩 黨 均 同意 服貿 協議 在 立院 進行 「 逐條 審查 」 ；
X		且看 ，
X		且看 朝野 各 方 的 姿態 ，
X		主因 有 二 ：
X		主因 就 在 對 臨時 政府 缺乏 信任 ；
X		主要 是 脫離 蘇聯 獨立 後 的 廿多 年 ，
X		主張 事 前 審查 ？
X		仔細 觀察 這 次 太陽 花 學運 ，
PS	他 不 就 能 把 支持 服貿 的 社會 力量 拉進 來 當成 自己 的 憑藉 嗎 ？	他 不 就 能 把 支持 服貿 的 社會 力量 拉進 來 當成 自己 的 憑藉 嗎 ？
LL	步步 退讓	他 在 政治 上 步步 退讓 ，
X		他 在 政治 上 步步 退讓 ，
NCL	正義 之 師	他 沒有 扮演 成功 「 正義 之 師 」 ，
X	他 要 向 誰 報告 ？	他 要 向 誰 報告 ？
X		他 要 向 誰 報告 ？
X		他 對 反對 者 的 關注 ，
X		他 說 ，
X		他 應該 立即 召集 朝野 立委 重新 協商 ，
X		他們 一年 賺取 的 工資 高達 兩百億 美元 ，
X		他們 也 是 「 人民 」 或 「 公民 」 ，
X		他們 有 責任 把 議場 從 學生 手 中 要 回來 。
X		他們 卻 被 化為烏有 了 。
X		他們 面對 民間 的 挑戰 者 ，
X		他們 幾乎 左右 了 整 個 社會 的 議題 思考 。
LL	淪陷	他們 應該 為 國會 的 淪陷 感到 羞愧 ；
LL	羞愧	他們 應該 為 國會 的 淪陷 感到 羞愧 ；
X		代表 最 高 民意 ，
X		以 不 妨礙 交通 、 秩序 及 他人 權益 的 意見 表達 為 前提 ，
X		以 王案 的 懲處 為 例 ，
X		以 目前 民進黨 立院 黨團 的 情況 ，
X		以 服貿 協議 為 例 ，
X		以 服貿協議 為 例 ，
X		以 這樣 的 智慧 、 行動力 和 組織力 ，
X		以 換取 自己 執政 的 資源 ，
LL	以 製造 騷亂 自得 ，	以 製造 騷亂 自得 ，
LL	撕裂	以 撕裂 社會 的 手段 把 政治 推向 「 私有化 」 的 窄巷 ，
LL	膚淺	以 膚淺 的 理由 宰殺 了 社會 正義 ，
LL	宰殺	以 膚淺 的 理由 宰殺 了 社會 正義 ，
X	鬧劇	以 鬧劇 對付 鬧劇 ，
LL	鬧劇	以 鬧劇 對付 鬧劇 ，
LL	姑息	以及 社會 輿論 對 不公 不義 者 的 姑息 與 漠然 。
X		以及 社會 輿論 對 不公 不義 者 的 姑息 與 漠然 。
EXAGGERATION	轉瞬	以致 最後 轉瞬 潰敗 在 群眾 的 懶人 包 行動 下 。
LL	潰敗	以致 最後 轉瞬 潰敗 在 群眾 的 懶人 包 行動 下 。
X		出現 「 王金平 勝訴 ，
LL	一搭一唱 	加上 政府 與 反對 者 一搭一唱 壟斷 了 民主 平台 ，
LL	嚴重	包括 「 世代 正義 」 的 議題 嚴重 衝擊 家庭 裡 的 親子 關係 。
LL	衝擊	包括 「 世代 正義 」 的 議題 嚴重 衝擊 家庭 裡 的 親子 關係 。
X		包括 日前 因 辱警 遭 民進黨 開除 黨籍 的 桃園 議員 羅文欽 ，
X		包括 立委 對 司法權 的 介入 ，
X		包括 凍結 其 在 歐盟 資產 及 限制 旅遊 ；
X		包括 黃世銘 向 他 報告 變成 了 「 洩密 」 ，
X		包括 蔡英文 自己 的 「 論述 」 與 「 行動力 」 。
X		包括 邀 大學 校長 等 公正 人士 建立 溝通 平台 ；
NCL	「 以 商 圍 政 」 之 術	北京 近年 採取 「 以 商 圍 政 」 之 術 ，
X		半 個 月 前 ，
X		占 院 學生 及 民進黨 並 未 主張 全面 停斷 兩岸 經貿 ，
LL	嚴重	占領 國會 是 破壞 憲政 體制 的 嚴重 脫軌 行為 ；
LL	妨礙	占據 空間 並 妨礙 其 運作 ！
X		占據 空間 並 妨礙 其 運作 ！
X		去年 八一八 「 拆 政府 」 ，
X		去年 六月 服貿 送審 後 ，
LL	摧毀	去年 洪仲丘 事件 幾乎 摧毀 了 整 個 軍隊 的 士氣 和 制度 ，
LL	「 民主 的 失控 」	另 一 面 反射 的 則 是 「 民主 的 失控 」 。
X		另 一 面 反射 的 則 是 「 民主 的 失控 」 。
X		另一方面 ，
X		另一方面 ，
X		只 不過 烏克蘭 的 演出 更 戲劇化 罷了 。
LL	崩裂 	只 能 坐視 國土 崩裂 。
X	步步 進逼 	只 換得 學生 步步 進逼 、 得寸進尺 ，
LL	得寸進尺	只 換得 學生 步步 進逼 、 得寸進尺 ，
X		只有 當 黨員 資格 爭議 影響到 如 民代 的 身分 時 ，
X		只是 他 個人 的 生命 困境 ；
X		只要 王金平 院長 和 朝野 兩 黨 達成 共識 ，
X		只要 在 網路 上 參閱 正反 意見 ，
X		只要 有 機會 修法 ，
X		只要 提出 申請 的 ，
X		只要 學生 保持 和平 、 非暴力 的 抗爭 原則 ，
X		可 看出 一些 脈絡 。
X		可以 看出 參與 者 的 舉棋不定 。
X		可以 逕行 發動 。
X		可以 趁 此 為 全 國 民眾 排疑 解惑 ，
X		可以 想見 ，
X		可以 想見 ，
X		可見 ，
TTC	常識	可謂 已 是 在 兩岸 議題 上 的 常識 。
X		可謂 輕巧 地 閃過 「 關說案 」 的 主題 ，
X		台北 地方 法院 就 王金平 確認 國民黨籍案 作出 一審 裁決 ，
X		台北 地院 昨天 再 依 違反 《 刑法 》 洩密罪 及 《 通訊 保障 及 監察法 》 判處 黃世銘 一 年 兩 個 月 徒刑 ，
X		台北 地院 這樣 的 判決 ，
X		台灣 也 終究 切 不斷 與 大陸 的 經貿 連結 ；
X		台灣 已 成 了 「 無政府 狀態 」 。
LL	蹉跎	台灣 不能 繼續 蹉跎 ，
X		台灣 占領 國會 的 「 反 服貿 」 學生 多 次 聲稱 要 「 向 烏克蘭 學習 」 ，
X		台灣 去年 對 大陸 出超 達 七七○億 美元 （ 台灣 總 出超 為 三三一億 美元 ） ，
X		台灣 可以 藉 服貿 連上 更多 夥伴 國家 的 開放 機會 ，
X	「 由 中國 走向 世界 」	台灣 必須 「 由 中國 走向 世界 」 ，
X		台灣 必須 對 與 大陸 的 經濟 連結 有所 警覺 ，
X		台灣 民主 如何 提升 ？
X		台灣 即 曾 因 民眾 的 政治 認同 差異 而 出現 過 一 波 家人 反目 、 朋友 決裂 、 同事 成仇 的 風潮 ；
X		台灣 即 無 可能 藉由 它 去 聯結 更 廣大 的 國際 區域 經貿 協定 。
X		台灣 享有 一百三十多 國 免 簽 即 是 一 例 。
FW	台灣 的 出路 是 由 ＥＣＦＡ 到 ＴＰＰ 。	台灣 的 出路 是 由 ＥＣＦＡ 到 ＴＰＰ 。
X		台灣 的 民主 發展 有 許多 曲折 ，
PS	台灣 的 政府 體制 可以 伸縮 自如 到 隨便 誰 來 指揮 嗎 ？	台灣 的 政府 體制 可以 伸縮 自如 到 隨便 誰 來 指揮 嗎 ？
ATF	邊緣化	台灣 的 政經 地位 勢必 更 邊緣化 ，
X	台灣 的 政經 活路 ，	台灣 的 政經 活路 ，
X	台灣 的 活路 ，	台灣 的 活路 ，
X		台灣 若 不能 加入 ＴＰＰ 及 ＲＣＥＰ ，
X		台灣 若 連 ＥＣＦＡ 都 無法 完善 ，
X		台灣 若 連 服貿 這樣 高度 讓 利 的 協議 都 不能 接受 ，
X	台灣 要 生存 	台灣 要 生存 ，
X		台灣 要 拚 經濟 ，
X	台灣 能 想像 入 ＴＰＰ 及 ＲＣＥＰ 也 是 「 只 取 不 給 」 嗎 ？	台灣 能 想像 入 ＴＰＰ 及 ＲＣＥＰ 也 是 「 只 取 不 給 」 嗎 ？
X		台灣 現在 面對 的 並 不只 是 「 服貿協議 」 ，
X		台灣 貿易 將 出現 嚴重 逆差 ，
X	台灣 須 經由 「 服貿 協議 」 以 完善 ＥＣＦＡ ，	台灣 須 經由 「 服貿 協議 」 以 完善 ＥＣＦＡ ，
X	自我 萎縮	台灣 勢必 愈發 自我 萎縮 。
X		台灣 對 此 容有 疑慮 ，
X	令 人 側目	台灣 學生 的 國際 競爭力 令 人 側目 ，
X	台灣 還 能 如何 定義 正義 ？	台灣 還 能 如何 定義 正義 ？
X		司法 作為 始終 因 人 、 因 黨 而 異 ，
X		司法 宜 訂出 統一 見解 ，
X		司法院 大法官 上 周 異常 巧合 地 對 保障 集會 示威 權利 作出 了 釋字 七一八 號 解釋 ，
X		四 、 在 衝突 中 ，
X		外 有 俄羅斯 壓境 。
X		外界 其實 無需 過度 擔憂 。
X		它 的 高潮 應該 是 在 三三○ 的 凱道 宣布 勝利 收場 ；
X		它 是 示威 勝利 至今 沒有 一 個 合法 的 政府 ，
X		它 是 靠 著 臨時 政府 領導 ；
X	葬送	平白 葬送 了 一 個 向 全 國 人民 溝通 喊話 的 機會 ，
X	失控	必然 提高 學運 失控 的 風險 ；
X		必然 提高 學運 失控 的 風險 ；
X		必須 由 公民 團體 和 學生 為 主體 來 籌備 與 召開 「 公民 憲政 會議 」 ，
X		必須 花 更多 的 時間 進行 溝通 ，
X		必須 建立 一 足以 支撐 兩岸 互信 的 新 架構 。
X		必須 務實 調整 ，
X		必須 藉由 ＥＣＦＡ 進一步 擴大 改善 台灣 的 國際 政經 關係 。
X		打 的 是 「 反中 抗中 」 的 旗幟 ，
X		打 著 反中 抗中 的 旗幟 ，
X		未 能 在 法律 上 採取 一致 的 作為 ，
X		未免 失之 狹隘 ；
X		未來 台灣 與 任何 其他 國家 洽簽 協議 或 加入 區域 經濟 組織 ，
X		未來 在 國會 能否 展現 不同於 今 的 面貌 ？
X		未來 所有 政黨 將 難以 論 懲 黨員 ；
X		未來 服貿協議 的 進度 ，
X		未嘗 不 是 好事 ；
X		本 為 常態 。
X		本來 從 「 反 黑箱 」 的 口號 而 起 ，
X		本來 都 建立 初步 的 民主 體制 ，
X		本報 昨日 《 黑白集 》 提到 ，
X		正 可 當成 一 個 標準 案例 。
X		正 是 她 宣布 參選 黨主席 挑戰 蘇貞昌 的 主因 ；
X		正 轉向 與 東方 的 中國 洽談 供 氣 合約 ；
X		正視 他們 的 願望 ，
X		民主 曰 「 人民 做主 」 ，
X		民主 社會 ，
X		民主 政治 的 基石 ，
X		民主 政治 第一 原則 「 多數 決 」 ，
X		民主 政治 應 有的 多數 統治 、 大眾 諮商 功能 則 蕩然無存 。
X		民主 國家 經由 定期 選舉 產生 立委 ，
X		民庭 是否 具有 「 審判權 」 。
X		民國 七十九年 的 「 野百合 」 運動 ，
X		民國 八十九年 總統 大選 後 ，
X		民眾 也 可能 無感 ，
X		民眾 攻進 總統府 和 國會 ，
X		民眾 對 「 民主 自由 」 的 信賴 也 才 剛剛 鞏固 ，
X		民眾 對 學運 的 支持 ，
X		民進黨 不可能 走完 「 最後 一 哩 路 」 重返 執政 。
X		民進黨 不僅 表態 「 概括 承受 」 ，
X		民進黨 在 八○年代 就 屬於 「 載具 」 ，
X		民進黨 在 過程 中 不斷 刻意 拖延 ，
X		民進黨 的 手段 就是 一味 地 「 拖 」 ，
X		民進黨 的 火上加油 更 非 出於 無知 。
X		民進黨 的 政治 活動 則 完全 以 對抗 與 削弱 執政黨 為 能事 ，
X		民進黨 前立委 郭正亮 評 這 場 學運 說 ，
X		民進黨 排 案 只 為了 杯葛 ，
X		民進黨 曾經 狂暴 反對 ＥＣＦＡ ，
X		民間 反對 者 對 政府 決策 發動 挑戰 ，
X		民間 團體 以 「 公民 」 身分 集結 抗議 ，
X		民調 顯示 ，
X		由 此 看來 ，
X		由此可見 ，
X		由於 反核 與 反 服貿 協議 的 團體 聲音 宏亮 ，
X		由於 反對 者 的 奪目 聲勢 與 高亢 言行 ，
X		由於 抗爭 者 態度 依舊 強硬 ，
X		由於 烏克蘭 政府 不 關心 人民 生活 ，
X		白 衫軍 、 黑 衫軍 輪番 上陣 。
X		白 衫軍 、 黑 衫軍 競相 上 街頭 。
X		目前 民進黨 最 大 的 挑戰 ，
X		目前 在場 外 作壁上觀 的 王金平 院長 和 朝野 立委 ，
X		目前 的 占領 議場 的 五百多 名 學生 分別 來自 不同 學校 及 不同 社團 ，
X		目前 唯一 確定 的 ，
X		示威 者 僅 憑 著 占領 國會 就 要求 總統 將 服貿 退回 ，
X	聽命 動員	示威 學生 若 變得 跟 那些 只 會 鬥爭 、 聽命 動員 的 立委 沒有 兩樣 ，
X	災難	立委 們 一手 製造 的 災難 ，
X		立委 們 對 自己 失去 問政 舞台 的 前因後果 又 作 了 什麼 檢討 ？
X		立委 張慶忠 神奇 的 「 卅 秒 過關 」 是 引爆點 ；
X	立委 從 占領 國會 運動 得到 教訓 了 嗎 ？	立委 從 占領 國會 運動 得到 教訓 了 嗎 ？
X	「 少數 服從 多數 ，	立法院 本 是 「 少數 服從 多數 ，
X		立法院 是 「 國家 主權 」 象徵 ，
X		立法院長 涉及 關說 是 何等 大事 ，
X		立法院長 關說 ，
X		丟掉 立法院 的 不 是 警察 ，
X		亦 不 是 電視 鏡頭 照到 者 就 一定 「 代表 民意 」 。
X		亦 未 反對 服貿協議 對 台灣 有利 部分 ，
X	挾制	亦 在 政治 上 更 受 中國 的 挾制 。
X		亦 都 是 程序 的 帽子 戲法 ，
X		亦即 ，
X		亦即 ，
X		亦即 ，
X		任由 挑戰 者 界定 議題 ，
X		任何 有 尊嚴 的 立委 ，
X		企圖 在 政黨 處理 成員 黨籍 問題 上 開 闢出 一 番 新 的 論述 ，
X		先 一 步 出兵 克里米亞 ；
X		先 談 反 黑箱 。
X		先前 的 幾 次 委員會 是 誰 以 霸占 主席台 的 方式 在 杯葛 服貿 的 審議 ？
X	這 堂 民主課	全民 都 在 這 堂 民主課 裡 ，
X	嚴重	全民 對 國家 前途 的 信心 受到 嚴重 打擊 。
X		全民 對 國家 前途 的 信心 受到 嚴重 打擊 。
X	洪水 猛獸 	再 也 不 是 洪水 猛獸 。
X	利益 交換	再 用 密室 協商 、 利益 交換 來 決定 政策 ，
X		再 如 ，
X		再 如 ：
X		再 把 問題 丟回 行政 部門 。
X		再 言 是否 反 服貿 ？
X		再 看 ，
X		再 將 結論 交由 體制 機構 來 執行 。
X		再者 ，
X		再者 ，
X		各 持 己見 者 不 願 進入 理性 討論 ，
X		各 執 一 辭 。
X		各行各業 的 台商 西進 打天下 ，
X		各界 捐贈 的 物資 也 源源 湧至 。
X		同時 也 同意 建立 「 兩岸 協議 監督 機制 」 ，
X		同時 也 導致 綠營 執政 縣市 的 抵制 。
X		同時 附帶 要求 「 江揆 下台 」 ；
X		向 兩岸 政府 示警 ，
X		回復 「 逐條 審查 ╱ 逐條 表決 」 （ 這 不 是 法定 程序 ，
X		回顧 去年 九月 政爭 的 波濤 起伏 ，
X		因 未 至 「 一審 有罪 」 而 未 予 開除 ；
X		因 立法院 審理 服貿 協議 程序 的 變化 而 發起 ，
X		因 兩岸 服務 貿易 協議 在 立院 審議 爭議 ，
X		因此 ，
X		因此 ，
X		因此 ，
X		因此 ，
X		因此 ，
X		因此 才 有 「 載具 」 之 說 ；
X		因此 才 會 有 「 引導 民意 」 之 說 。
X		因此 認定 黃世銘 不 應 向 總統 和 院長 報告 ，
X		因而 ，
X		因為 ，
X		因為 ，
X		因為 三月 二十三日 晚間 ，
X		因為 他 易於 向 一 方 傾倒 ，
X		因為 他們 把 學生 當成 棋子 。
X		因為 在 民主 體制 下 ，
X		因為 她 明白 ，
X		因為 從 道德 制 高點 出發 ，
X		因為 這 個 被 當成 「 民事 訴訟 」 審理 的 判決 ，
X		因為 隨時 可以 利用 任一 項 程序 異議 阻擋 服貿協議 的 進行 。
X		在 中正 紀念堂 抗議 老 代表 延任 的 學運 ，
X		在 五月 底 的 新 政府 組成 前 ，
X	惡名昭彰	在 少數 惡名昭彰 的 老 立委 領軍 下 ，
X		在 台灣 ，
X		在 台灣 的 民主 發展史 上 ，
X		在 台灣 的 核電 與 服貿 爭議 中 ，
X		在 台灣 剛剛 解嚴 時期 ，
X		在 外界 看來 ，
X		在 民主 國家 ，
X		在 民主 體制 下 ，
X		在 民主 體制 下 ，
X		在 民國 九十三年 總統 大選 後 ，
X		在 民進黨 崛起 、 國民黨 分裂 的 時代 ，
X		在 先進 民主國家 ，
X		在 各 方 的 克制 下 ，
X		在 投入 運動 前 並 不 知 「 服貿 協議 」 為何 物 ；
X		在 其他 國家 也 極 少見 。
X		在 社會 上 就 有 兩 個 （ 或 更多 ） 支持 服貿 的 人 。
X		在 宣布 克里米亞 併入 俄國 時 ，
X		在 政治 敵對 愈發 洶湧 的 台灣 ，
X		在 國光 石化 、 核電 、 都更 等 議題 上 ，
X		在 密室 協商 中 變成 了 需要 「 逐條 審查 」 的 模式 ？
X		在 接受 ＣＮＮ 訪問 時 並稱 ，
X		在 許舒博案 ，
X		在 這 種 情況 下 ，
X		在 這 種 情況 下 ，
X		在 這裡 最為 明顯 ，
X		在 凱道集 會多日 。
X	狼爪	在 普亭 狼爪 和 西方 口惠 下 的 烏克蘭
X		在 程序 正義 上 引起 爭議 ；
X		在在 考驗 著 學運 的 實質 承受度 及 光 環保 鮮 效期 。
X		在在 讓 人 側目 。
X		在野黨 以 戰逼 和 ，
X		地院 的 判決書 並 指陳 ，
X		多 位 大法官 相互 爭辯 的 「 許可 」 或 「 報備 」 ，
X		多半 能 維持 基本 的 秩序 ，
X		多半 敢 怒 不 敢 言 。
X		多數 尊重 少數 」 的 民主 殿堂 ，
X		她 在 聲明 中 說 ：
X		她 能 號令 綠營 立委 在 國會 進行 良性 制衡 ，
X		她 對 政黨 角色 的 反省 應 不僅 止於 此 。
X		她 領導 下 的 綠營 ，
X		如 前 所 述 ，
X		如今 ，
X		如今 ，
X		如今 西方 國家 承諾 的 援助 遲遲 未 到 ，
X		如今 既已 應允 「 逐條 審查 ╱ 逐條 表決 」 ，
X	霸佔	如今 若 謂 未 經 國家 選舉 選出 者 竟 能 霸占 國會 ，
X	軟弱	如此 軟弱 的 表現 ，
X		如此 操切 ，
X		如此一來 ，
X	如何 能 進入 北京 扮演 主要 角色 的 ＲＣＥＰ ？	如何 能 進入 北京 扮演 主要 角色 的 ＲＣＥＰ ？
X	如何 教 人民 相信 政府 能 在 兩岸 談判 中 站穩 立場 ，	如何 教 人民 相信 政府 能 在 兩岸 談判 中 站穩 立場 ，
X	如何 說服 其他 國家 接受 台灣 加入 條件 更 嚴 的 區域 夥伴 協定 ？	如何 說服 其他 國家 接受 台灣 加入 條件 更 嚴 的 區域 夥伴 協定 ？
X	如何 歸屬 「 應 秘密 」 的 範疇 ？	如何 歸屬 「 應 秘密 」 的 範疇 ？
X	?	如何 讓 包容 多元 的 力量 撐起 更 廣 的 民意 支持 ？
X		如果 五月 蔡英文 當選 民進黨 主席 ，
X		如果 五百八十六萬 張 選票 選出 的 六十多 席 國民黨 立委 沒有 代表性 ，
X		如果 王金平 覺得 議長 職務 還 有 一點 尊嚴 可期 ，
X	「 換 一 塊 路牌 的 台獨 」	如果 民進黨 再 以 「 換 一 塊 路牌 的 台獨 」 來 收割 這 場 學運 所 孕育 塑造 的 民心 民情 ，
X		如果 立院 恢復 召開 委員會 ，
X	淪為	如果 立院 繼續 淪為 無止盡 杯葛 衝突 的 脫序 秀場 ，
X		如果 立院 繼續 淪為 無止盡 杯葛 衝突 的 脫序 秀場 ，
X		如果 自我 標榜 為 絕對 正義 ，
X		如果 我們 堅持 活 在 過去 ，
X		如果 我們 無法 學習 和 不同 意見 的 人 相處 ，
X		如果 破門 砸 窗 侵入 立法院 不 是 暴力 ，
X		如果 從 張慶忠 的 「 關鍵 卅 秒 」 再 往 前 推 ，
X		如果 朝野 立委 還 有 一點 責任 意識 ，
X		如果 對立 意見 仍 找 不 到 化解 之 道 ，
X		如果 學生 領袖 及 其 指導 教授 們 珍惜 這 次 抗爭 經驗 ，
X		如果 警察 抵 拒 學生 砸 窗破 門 侵入 行政院 為 「 國家 暴力 」 ，
X		如果說 得 更 早 ，
X		年輕 世代 備感 無力 ，
X		成為 全 案 最 大 受害 者 ；
X		早 在 去年 六月 即已 送進 立院 ，
X		早已 不 是 沒有 言論 自由 的 時代 ，
X	公器私用	有 一 個 更 古老 的 名稱 叫做 「 公器 私 用 」 ；
X		有 人 在 胡適 故居 前 發表 聲明 ，
X		有 人 形容 ，
X		有 人 將 這 場 太陽花 學運 與 一九九○年 的 野百合 學運 相較 。
X		有 人 說 台灣 經濟 未 因 ＥＣＦＡ 而 大好 ，
X	有 什麼 民眾 在 懷念 打打鬧鬧 的 立法院 嗎 ？	有 什麼 民眾 在 懷念 打打鬧鬧 的 立法院 嗎 ？
X		有 他國 的 前車之鑑 可 為 參照 。
X		有 必要 重新 進行 協商 ，
X		有 深化 效果 。
X		有 普選 可 促成 的 政黨 輪替 。
X		有待 朝野 立委 併同 與 其他 版本 審議 整合 。
X		有時 竟 顯得 勝過 幾百萬 個 被 當成 「 背景值 」 的 無名氏 。
X		此 一 工程 如今 證實 是 成功 的 。
X		此 一 判決 ，
X		此 一 結果 ，
X		此 次 「 占領 立法院 」 ，
X		此 次 服貿協議 的 內容 或許 無法 讓 所有人 感到 認同 ，
X		此 次 學運 ，
X		此 事 引起 國際 矚目 ，
X	嚴重 	此 事 誠 是 一 件 嚴重 的 議事 衝突 ，
X	彌足珍貴	此 為 彌足珍貴 的 社會 資產 。
X		此 為 彌足珍貴 的 社會 資產 。
X		此 時 此刻 ，
X		此 時 此刻 看來 ，
X		此 案 一直 以來 的 主要 爭 論點 ，
X		此 案 敗訴 ，
X		此 舉 ，
X		此 舉 ，
X		此 舉 其實 杯葛 力道 有限 ，
X		此外 ，
X		此刻 喊 「 自由 」 太 輕鬆 ，
X		此刻正 考驗 著 台灣 社會 的 正 是 這 一 主題 ：
X		江揆 和 馬 總統 先後 發表 公開 談話 ，
X		而 「 占領 國會 」 並 不能 直接 等同 於 「 代表 民意 」 。
X		而 人們 對 它 的 了解 卻 仍 僅 止於 懶人 包 程度 ？
X	衝撞	而 不 是 無 限制 的 衝撞 或 占領 。
X		而 不 是 無 限制 的 衝撞 或 占領 。
X		而 不 是 遭到 強制 驅離 。
X		而 不可能 「 甩掉 中國 ，
X	霸占	而 不會 由 霸占 國會 者 來 領導 。
X		而 今天 ，
X	掛彩	而 今天 反 服貿 事件 眼看著 又 重蹈覆轍 讓 黨鞭 掛彩 ，
X		而 今天 台灣 的 政治 及 社會 景象 ，
X		而 今天 的 反 服貿 抗爭 行動 ，
X	脫軌	而 反 服貿 不 對等 的 初衷 也 漸 被 脫軌 的 高調 淹沒 。
X		而 反 服貿 不 對等 的 初衷 也 漸 被 脫軌 的 高調 淹沒 。
X		而 反對 者 為了 強化 訴求 的 正當性 ，
X		而 主審 法官 從 去年 的 「 假 處分 」 到 本 案 判決 ，
X		而 令 人 好奇 的 是 ，
X		而 只是 空泛 地 說 「 傷害 中小企業 」 。
X		而 台灣 是 民主 新秀 ，
X		而 台灣 若 因 服貿 協議 的 波折 以致 喪失 加入 ＴＰＰ 或 ＲＣＥＰ 的 機緣 ，
X		而 未 皆 理性 負責 的 「 公民 」 。
X		而 未 經 許可 的 集會 遊行 ，
X		而 民國 九十七年 政權 再度 輪替 ，
X		而 民進黨 立委 則 全力 為 學生 提供 軍火 和 糧草 ，
X		而 民進黨 開除 邱彰 一 案 ，
X	空轉	而 立法院 因 長期 失 能 、 空轉 、 密室 交易 而 失去 人民 的 尊重 與 期待 ，
X		而 立法院 因 長期 失 能 、 空轉 、 密室 交易 而 失去 人民 的 尊重 與 期待 ，
X		而 在 實務 上 ，
X		而 此 一 服貿協議 則 是 一 高度 片面 讓 利 的 條約 ；
X		而 自認為 高於 國會 ，
X		而 行政 部門 唯恐 得罪 立院 ，
X		而 克里米亞 被 俄國 輕易 奪走 ，
X		而 放眼 仍 看 不 到 終點 。
X		而 服貿 協議 正 處於 這 個 大 戰略 的 銜接點 。
X		而 非 民事 訴訟 的 「 私權 」 。
X		而 國民黨 僅 憑 「 考紀 委員會 」 即 作出 嚴厲 懲處 ，
X		而 將 近年 來 的 社會 挫折 如 貧富 差距 、 二十二 Ｋ 等 ，
X		而 欲 加入 這 兩 項 區域 經濟 夥伴 協定 ，
X		而 這 次 學生 群眾 占領 立法院 多 日 ，
X		而 就算 立法院 效能 再 差 ，
X		而 普亭 為了 因應 可能 的 制裁 ，
X	杯葛	而 朝野 立委 卻 依舊 在 那裡 推擠 、 杯葛 、 議而不決 ；
X	杯葛	而 朝野 立委 卻 依舊 在 那裡 推擠 、 杯葛 、 議而不決 ；
X		而 演變 至今 ，
X		而 課堂 上 所 授 所 學 ，
X		而 積欠 俄羅斯 的 一百六十億 美元 天然氣 費用 已 面臨 追討 。
X		而 遺忘 了 社會 責任 和 問政 初衷 。
X	「 人民 」	而 雙方 竟 都 口口聲聲 宣稱 自己 代表 「 人民 」 。
X	邊緣化	而 邊緣化 的 結果 ，
X	關說 主角 	而 關說 主角 則 在 群丑迴護 下 ，
X	迴護	而 關說 主角 則 在 群丑迴護 下 ，
X		而且 ，
X		而且 漸漸 蔓延 到 重大 公共 政策 ，
X		而是 引導 民意 、 愛 台灣 的 力量 。
X		而是 引導 民意 、 愛 台灣 的 力量 。
X		而是 占領 政府 機關 的 問題 。
X		而是 另 有 原因 。
X		而是 立院 「 政黨 協商 」 的 政治 程序 ） ，
X		而是 因為 這 個 機構 代表 人民 行使 主權 ，
X		而是 在 那裡 作壁上觀 的 朝野 政治 人物 ，
X		而是 有沒有 辦法 找到 讓 此 事 和平 落幕 的 途徑 。
X		而是 希望 以 服貿協議 來 完善 ＥＣＦＡ 體系 ，
X		而是 要 將近 兩 星期 的 占領 國會 行動 拉長 戰線 ，
X		而是 這些 失職 立委 ，
X		而是 藍 綠 政客 對 他 的 聯手 追殺 ，
X		自 學生 進占 立院 迄 今 ，
X		自 屬 偵查 不 公開 的 「 公益 例外 」 ；
X		自己 在 「 反 服貿 」 議題 上 所 希望 傳遞 的 價值 為何 ，
X		自己 在 「 客觀 的 知 」 與 「 主觀 的 識 」 兩 方面 是否 皆 已 做到 「 心安理得 」 ？
X		自己 卻 無法 收拾 ，
X		自由 與 相關 的 公民 素養 ，
X		自是 又 一 打擊 。
X		至今 仍 難以 平復 。
X		至少 應 還 記得 蘇貞昌 拒絕 了 馬英九 服貿 專題 辯論 的 邀請 吧 ？
X		至於 民進黨 或 其他 社運 人士 ，
X		至於 在 民主 抗爭 的 道路 上 ，
X		至於 倒掛 國旗 、 占據 國會 亦 恐 會 惡化 國人 的 認同 分裂 ；
X		至於 學生 要求 召開 「 公民 憲政 會議 」 ，
X		至於 學生 要求 的 另外 兩 點 ：
X		至於 蘇貞昌 ，
X		行使 集會 遊行 權利 ，
X		行政 和 立法 部門 均 未 拿出 溝通 及 疏導 誠意 ，
X	消極	行動 顯得 遲緩 而 消極 。
X		行動力 強 ，
X		西方 國家 之所以 遲遲 不 願 提供 烏克蘭 經濟 援助 ，
X	流失	似 有 逐漸 流失 之 虞 。
X		似乎 表現 得 根本 不以為意 。
X		但 「 人民 」 不 是 一 個人 ，
X		但 「 反 服貿 」 畢竟 只是 各 種 不同 主張 中 的 一 種 ，
X		但 「 占領 國會 」 也 不可能 等同 於 「 代表 民意 」 ，
X		但 ＥＣＦＡ 過關 後 ，
X	官腔 	但 一 派 官腔 官調 ，
X		但 一 派 官腔 官調 ，
X		但 一 週 過去 ，
X		但 一切 的 ＦＴＡ 皆 是 「 有 給 有 取 」 ，
X	輕易	但 一般 民眾 對 政府 機關 如此 輕易 失守 ，
X		但 凡事 皆 抗爭 ，
X		但 已 在 兩岸 議題 中 翻滾 了 幾十 年 的 民進黨 豈可 能 不 知 ？
X		但 反 服貿 的 人 不能不 知道 。
X		但 他 將 此 事 界定為 「 立法院 內部 事務 」 則 屬 正確 。
X		但 只是 為了 黨爭 ，
X	窮追 猛 打	但 台北 地院 抓 著 黃世銘 的 行政 違失 窮追 猛 打 ，
X		但 台灣 不能 只 依賴 具有 政治 讓 利 因素 的 ＥＣＦＡ ，
X	「 密室 協商 」	但 台灣 近年 來 頻頻 透過 「 密室 協商 」 解決 問題 ，
X	過激	但 同時 檢視 學生 群眾 的 過激 之 舉 ，
X		但 回顧 台灣 過去 的 類似 事件 ，
X		但 在 王案 中 「 審判權 」 問題 已 成 焦點 ，
X		但 在 台灣 ，
X	惡質 	但 在 台灣 的 惡質 政治 文化 下 ，
X		但 在 各界 不斷 呼籲 下 ，
X		但 在 法官 眼 中 ，
X		但 在 現實 上 顯然 影響 不 大 。
X	群魔 亂 舞	但 在 群魔 亂 舞 的 年代 ，
X		但 在 學生 高呼 「 人民 反對 服貿 」 的 聲浪 裡 ，
X	?	但 她 有 能力 擋住 這 個 趨勢 嗎 ？
X		但 如今 ，
X		但 有 些 爭議 牽涉 的 利害 較 不 明確 ，
X		但 至今 實際 行動 卻 很 有限 ，
X		但 別 忘 了 ，
X		但 抗爭 學生 一步 一步 升高 訴求 ，
X		但 事事 協商 ，
X	「 台灣 全球化 生存 戰略 」	但 服貿 協議 畢竟 仍 是 攸關 「 台灣 全球化 生存 戰略 」 的 大 是 大非 ；
X		但 服貿 協議 畢竟 仍 是 攸關 「 台灣 全球化 生存 戰略 」 的 大 是 大非 ；
EXAGGERATION	永遠	但 近年 來 卻 逐漸 成 了 永遠 在 上演 杯葛 、 衝突 、 脫序 戲碼 的 鬥獸場 。
LL	杯葛	但 近年 來 卻 逐漸 成 了 永遠 在 上演 杯葛 、 衝突 、 脫序 戲碼 的 鬥獸場 。
LL	脫序	但 近年 來 卻 逐漸 成 了 永遠 在 上演 杯葛 、 衝突 、 脫序 戲碼 的 鬥獸場 。
NCL	鬥獸場	但 近年 來 卻 逐漸 成 了 永遠 在 上演 杯葛 、 衝突 、 脫序 戲碼 的 鬥獸場 。
X		但 很 難說 這 數百 人 對 示威 目標 都 具有 共識 ；
LL	矛盾	但 持續 兩 周 的 學運 必須 設法 擺脫 「 以 民主 之 名 妨害 民主 」 的 矛盾 ，
X		但 政爭 延續 十 年 ，
NCL	「 台灣 社會 良心 」 的 意見 領袖	但 若 能 聽 一 聽 許多 堪稱 「 台灣 社會 良心 」 的 意見 領袖 如 彭淮南 、 施振榮 、 嚴 長壽 、 童子 賢 等 的 談話 ，
ATA	施振榮	但 若 能 聽 一 聽 許多 堪稱 「 台灣 社會 良心 」 的 意見 領袖 如 彭淮南 、 施振榮 、 嚴 長壽 、 童子 賢 等 的 談話 ，
ATA	童子 賢	但 若 能 聽 一 聽 許多 堪稱 「 台灣 社會 良心 」 的 意見 領袖 如 彭淮南 、 施振榮 、 嚴 長壽 、 童子 賢 等 的 談話 ，
NCL	意見 領袖	但 若 能 聽 一 聽 許多 堪稱 「 台灣 社會 良心 」 的 意見 領袖 如 彭淮南 、 施振榮 、 嚴 長壽 、 童子 賢 等 的 談話 ，
X		但 烏克蘭 的 問題 不同 ，
LL	崩毀	但 崩毀 可能 只 在 一 夕 之間 。
EXAGGERATION	一 夕 之間	但 崩毀 可能 只 在 一 夕 之間 。
NCL	關說 者	但 從 「 關說 者 勝利 、 揭弊 者 判刑 」 的 結果 看 ，
NCL	揭弊 者	但 從 「 關說 者 勝利 、 揭弊 者 判刑 」 的 結果 看 ，
X		但 從 判決書 的 長篇大論 ，
NCL	「 解嚴 後 首 波 民主 世代 」	但 這些 「 解嚴 後 首 波 民主 世代 」 的 表現 ，
X		但 這些 「 解嚴 後 首 波 民主 世代 」 的 表現 ，
LL	揭竿 而 起	但 就 為 「 反 服貿 」 揭竿 而 起 的 意義 而 言 ，
X		但 就 為 「 反 服貿 」 揭竿 而 起 的 意義 而 言 ，
X		但 就算 堅持 非暴力 抗爭 ，
X		但 最終 仍 未 能 釋眾疑 。
X		但 無論如何 這 總 比 北京 斷禁 或 壓抑 兩岸 經貿 ，
LL	短短	但 短短 一 個 月 後 ，
X		但 絕無 可能 逃避 或 停斷 兩岸 經貿 ，
X		但 對 台灣 而 言 ，
X		但 對照 她 稍早 指責 民進黨 的 「 私有化 」 傾向 ，
X		但 演變 至今 卻 出現 「 私有化 」 現象 ；
X		但 請問 ：
X		但 學生 運動 的 問題 ，
LL	焦慮 、 	但 學運 仍 掀起 了 社會 的 焦慮 、 猜疑 與 仇恨 ；
LL	猜疑 	但 學運 仍 掀起 了 社會 的 焦慮 、 猜疑 與 仇恨 ；
LL	被 踐踏	但 整 個 政府 的 顏面 可以 如此 被 踐踏 嗎 ？
PS	但 整 個 政府 的 顏面 可以 如此 被 踐踏 嗎 ？	但 整 個 政府 的 顏面 可以 如此 被 踐踏 嗎 ？
X		但 整體 來 說 ，
X		但 整體 觀察 ，
X		但 應該 譴責 的 不 是 學生 ，
X		但 懶人包 不會 告訴 你 ，
X	霸占	但 霸占 立法院 及 侵入 行政院 的 太陽花 ，
X	太陽花	但 霸占 立法院 及 侵入 行政院 的 太陽花 ，
X		但 顯然 ，
LL	喪志 	但 讓 自己 喪志 喪膽 則 無 必要 。
X		但 讓 自己 喪志 喪膽 則 無 必要 。
X		但是 ，
X		但是 ，
X		何以 鬧成 不共戴天 般 的 仇恨 對立 ？
X		何況 ，
PS	你們 心 中 真的 還 有 別人 嗎 ？	你們 心 中 真的 還 有 別人 嗎 ？
X		你們 心 中 真的 還 有 別人 嗎 ？
X		你們 的 首領 也 如此 。
LL	故意	判決 故意 撇開 檢審會 已經 檢驗 過 的 王柯 關說 事實 ，
LL	撇開	判決 故意 撇開 檢審會 已經 檢驗 過 的 王柯 關說 事實 ，
X		判決 論述 卻 讓 人 有 重量 不足 之 感 。
X		利用 人民 公投 ，
X		即 一目了然 。
X		即 不能 在 兩岸 政策 上 獲得 共識 。
ATF	「 害台 	即 不無 可能 出現 無以 逆轉 的 「 害台 禍台 」 的 後果 。
X		即 不無 可能 出現 無以 逆轉 的 「 害台 禍台 」 的 後果 。
X		即 不會 不 知 這 種 「 反中 抗中 變成 害台 禍台 」 的 弔詭 ；
X		即 必 使 台灣 在 經濟 上 更 依賴 大陸 ，
X		即 很 難 找到 簡單 的 共識 ，
X		即 是 主要 目標 ，
X		即 是 最 明顯 的 例子 。
X		即 無 「 黑箱 」 可 言 。
X		即使 大學生 不 知 ，
X		即使 不 將 此 處所 稱 「 領導 國家 」 說成 「 統治 國家 」 ；
X		即使 在 人民 之間 ，
X		即使 是 惠民 政策 ，
X		即使 衝突 不斷 ，
X		否則 ，
X		否則 ，
PS	否則 台灣 豈 有 可能 訂出 一 紙 「 只 取 不 給 」 的 條約 ？	否則 台灣 豈 有 可能 訂出 一 紙 「 只 取 不 給 」 的 條約 ？
X		否則 台灣 豈 有 可能 訂出 一 紙 「 只 取 不 給 」 的 條約 ？
X		否則 群眾 強行 進入 國會 占領 議場 ，
X		呈顯出 兩岸 政策 引發 的 社會 焦慮 ，
NCL	野百合	坐 在 中正 紀念堂 廣場 的 野百合 ，
LL	本末倒置	完全 本末倒置 。
LL	爾虞我詐	完全 是 朝野 立委 爾虞我詐 、 機關 算 盡 的 結果 。
LL	機關 算 盡	完全 是 朝野 立委 爾虞我詐 、 機關 算 盡 的 結果 。
X		完成 了 ＥＣＦＡ 的 簽署 。
X		完成 完備 的 兼併 程序 。
X		弄到 內 有 分裂 運動 ，
LL	兵疲 馬 困	弄得 全 國 員警 兵疲 馬 困 ，
X		形同 把 自己 下台 的 階梯 越 築 越 高 。
LL	霸凌	形同 霸凌 。
X		彷彿 他們 真的 能 代表 「 全民 」 指揮 國家 。
X		我 知道 你們 所 行 的 是 出於 無知 ，
X		我們 也 認為 ，
X		我們 不禁 要 問 ：
X		我們 只 會 被 世界 淘汰 。
X		我們 並 不 是 主張 政府 應 立即 動用 警力 將 學生 從 國會 驅離 ；
X		我們 所 處 的 環境 也 變 了 ；
X		我們 看到 了 法官 極端 在意 外界 的 評價 ，
X		我們 能否 學習 和 不同 意見 的 人 相處
X		我們 認為 ，
X		扮演 的 是 ＥＣＦＡ 與 ＴＰＰ 或 ＲＣＥＰ 的 銜接點 ；
NCL	忠誠 堪虞的 人	把 一 個 忠誠 堪虞 的 人 硬生生 塞給 國民黨 ，
X		把 一 個 忠誠 堪虞 的 人 硬生生 塞給 國民黨 ，
FW		把 自己 包裹 成 「 全 國 ─ 全民 」 （ national-popular ） 的 代言人 ，
X		把 自己 包裹 成 「 全 國 ─ 全民 」 （ national-popular ） 的 代言人 ，
X		把 問題 推給 國會 ；
LL	咬死	把 學運 訴求 咬死 在 「 退回 服貿 」 ，
LL	抗中	抗中 或 害台 ？
LL	害台	抗中 或 害台 ？
X		抗中 或 害台 ？
ATF	民主 倒退	抗爭 者 更 應該 思考 如何 避免 以 反 民主 的 手段 造成 民主 倒退 的 危機 。
X		抗爭 者 更 應該 思考 如何 避免 以 反 民主 的 手段 造成 民主 倒退 的 危機 。
X		抗爭 者 則 宣布 占領 行動 「 無 限期 」 ，
LL	癱瘓	抗爭 運動 不僅 癱瘓 國會 運作 ，
X		抗爭 運動 不僅 癱瘓 國會 運作 ，
X		抗爭 綿綿 無絕期 。
X		抗議 群眾 心 裡 裝 得 進 的 答案 卻 太少 。
LL	令 人 痛心 的	更 令 人 痛心 的 ，
X		更 令 人 痛心 的 ，
X		更 包括 人 與 人 之間 的 互相 尊重 。
X		更 可 完全 消除 「 黑箱 」 的 問題 ，
X		更 必須 贏得 全球化 的 挑戰 。
X		更 有 緊縮 之 可能 。
LL	狹隘	更 狹隘 到 令 人 困惑 。
LL	政治 災難	更 將 帶來 政治 災難 。
X	強 闖	更 視 強 闖 政院 為 踩 過 民主 容忍 的 「 紅線 」 。
LL	拉高 身段	更 進一步 拉高 身段 ，
X		更 進一步 拉高 身段 ，
X		更 進一步 說 ，
X		更 會 動搖 社會 大眾 對 集會 遊行 的 信心 。
X		更 試圖 燃起 遍 地 烽火 ，
X		更 對 執政 當局 充滿 不 信任感 ，
LL	難堪	更 難堪 的 是 ，
LL	嚴重	更 嚴重 的 是 ，
X		更 嚴重 的 是 ，
X		更何況 ，
X	闖入	沒有 任何 國家 能 容許 群眾 闖入 政府 機關 ，
X		沒有 任何 國家 能 容許 群眾 闖入 政府 機關 ，
X		沒有 服貿 協議 ，
DT	在 彰顯 什麼 樣 的 法律 價值 ，	究竟 在 彰顯 什麼 樣 的 法律 價值 ，
X		究竟 在 彰顯 什麼 樣 的 法律 價值 ，
X		見 秋毫 而 不 見 輿薪 ，
X		言論 自由 與 民主 發展 得來 不易 ，
FW	「 全民 總統 」 	身為 以 「 全民 總統 」 自居 的 領導人 ，
X		身為 以 「 全民 總統 」 自居 的 領導人 ，
X		迅速 收攏 了 社會 上 對於 軍 中 不當 管教 的 譴責 ，
LL	傷痕	那 次 的 傷痕 ，
X		那 次 的 傷痕 ，
X		那 其實 主要 是 全球 經濟 凋敝 及 台灣 產業 轉型 失敗 所 致 ；
X		那 是 他 必須 接受 的 另 一 種 社會 審判 。
X		那 將 使 台灣 在 經濟 與 政治 上 皆 不 安全 ；
X		那 將來 要 大修 《 集遊法 》 ，
X		那些 都 事 關 不同 民眾 的 權益 與 福祉 ；
X		那麼 ，
X		那麼 ，
LL	卸下	那麼 立法院 那 塊 銜牌 未來 還 會 隨時 遭到 抗爭 群眾 卸下 踐踏 。
LL	踐踏	那麼 立法院 那 塊 銜牌 未來 還 會 隨時 遭到 抗爭 群眾 卸下 踐踏 。
X		那樣 ，
X		那樣 的 話 ，
PS	並 不 令 人 意外 	並 不 令 人 意外 。
X		並 不 是 要 以 政府 停止 運作 為 代價 ；
X		並 不 是 電視 鏡頭 照到 者 就 能 「 領導 國家 」 ，
X		並 公開 向 學生 及 社會 大眾 承諾 ，
X	學運：胡適	並 引用 了 胡適之 語 ：
X		並 非 有 高度 組織 的 活動 ，
X		並 非 超乎 其他 主張 。
X		並 非 構陷 ；
X		並 思考 相關 監督 機制 。
LL	狠狠	並 狠狠 給 了 馬 總統 一 個 難堪 ；
X	挾制	並 挾制 國會 ，
LL	長才	並 發揮 其 「 圓融 」 長才 ，
X		並 發揮 其 「 圓融 」 長才 ，
LL	趨吉避凶 	並 趨吉避凶 、 因勢利導 ；
X		並 趨吉避凶 、 因勢利導 ；
X		並 藉 此 去 改善 台灣 的 國際 政經 關係 。
X		並 簽署 同意書 ；
X		並 觸動 社會 的 認同感 。
X		並且 不斷 地 追加 ，
X	導火線	事件 的 導火線 是 朝野 去年 協商 時 決定 「 逐條 審查 、 逐條 表決 兩岸 服貿協議 」 ，
X		事件 的 導火線 是 朝野 去年 協商 時 決定 「 逐條 審查 、 逐條 表決 兩岸 服貿協議 」 ，
X		事實 上 ，
X		事實 上 ，
X		事實 上 ，
X		事實 上 ，
X		事實 上 ，
X		事實 上 ，
X		事實 上 ，
X		事實 上 ，
X		事實 上 ，
X		事實 上 ，
X		事實 上 ，
HA	被 釘上 十字架	使 他 無法 免於 被 釘上 十字架 。
X		使 他 無法 免於 被 釘上 十字架 。
X	正義 之 真諦	使 國人 思考 民主 憲政 的 程序 正義 及 實質 正義 之 真諦 。
X	使徒 彼得	使徒 彼得 在 耶穌 被 釘 十字架 後 說 ：
X		使徒 彼得 在 耶穌 被 釘 十字架 後 說 ：
X		使得 警政署 在 釋字 四四五 號 解釋 言詞 辯論 時 ，
X		來 干涉 糾正 ，
X		來 否定 黃世銘 向 總統 報告 之 必要性 ，
X		來 決定 與 我國 談判 的 規格 。
X		來 爭取 與 積累 社會 大眾 的 信任 ；
X		例如 ，
X		例如 ，
X		例如 ，
FW	「 媽媽 反核 能 」	例如 「 媽媽 反核 能 」 、 「 學生 反 服貿 」 。
FW	「 學生 反 服貿 」	例如 「 媽媽 反核 能 」 、 「 學生 反 服貿 」 。
X		例如 洪仲丘 事件 ，
HA	泰國 的 紅 衫軍 和 黃 衫軍 之 爭	例如 泰國 的 紅 衫軍 和 黃 衫軍 之 爭 ，
HA	烏克蘭 十 年前 的 橘色 革命	例如 烏克蘭 十 年前 的 橘色 革命 看似 成功 ，
X		兩 年前 就 應 召開 此 會議 ；
X		兩 次 轉折 都 如此 出人意料 。
NCL	鬥獸場	兩 黨 把 議場 當成 鬥獸場 、 馬戲團 。
X		兩 黨 把 議場 當成 鬥獸場 、 馬戲團 。
X	極度 	兩岸 關係 極度 凶險 ，
LL	凶險	兩岸 關係 極度 凶險 ，
X		其 三 ，
X		其 代表性 即 不致 有 遭 認定 違反 《 人團法 》 之 虞 ；
X		其 抗爭 手法 之 老練 ，
X		其 重要性 不可 言喻 。
X		其 間 ，
X		其 間 ，
X		其 間 懲處 標尺 的 落差 ，
LL	憂慮	其 憂慮 可想而知 。
X		其一 ，
X		其一 ，
X		其二 ，
X		其二 ，
X		其中 ，
X		其中 一 個 明顯 的 問題 ，
X		其實 ，
X		其實 ，
X		其實 ，
LL	脫序	其實 也 不啻 是 近年 眾多 國會 脫序 的 「 街頭版 」 。
LL	汗顏	其實 也 是 朝野 立委 應該 汗顏 的 時刻 。
X	其實 已 深刻 影響到 憲政 運作 	其實 已 深刻 影響到 憲政 運作 。
X		其實 有 一段 艱難 的 鴻溝 需要 跨越 ，
LL	錯覺 	其實 是 一 種 自我 感覺 良好 的 錯覺 ，
X		其實 都 是 「 報備 制 」 。
LL	今非昔比	其餘 皆 是 今非昔比 。
X		到 「 占領 立法院 」 ，
X		到 台灣 各 地 集會 遊行 ，
X		到 建黨 初期 的 「 美麗島 」 、 「 新 潮流 」 分立 ，
X		到 秩序 的 維持 、 資源 的 募集 、 感性 的 號召 、 國內外 的 宣傳 及 活動 策劃 ，
X		刻意 抬高 對話 姿態 和 喊價 籌碼 ；
X		協商 也 無所謂 對錯 ，
X		取得 克島 「 入俄 」 的 正當性 ；
X		周日 還要 占領 凱道 ，
X		周而復始 ；
X		和 政府 近年 來 面對 類似 事件 的 執法 態度 ，
X		和 推翻 服貿 已 沒有 兩樣 ，
X		和平 走出 議場 ，
X		始終 未 能 凝聚 國家 共識 。
X		始終 沒有 磨 合出 和解 的 途徑 ；
X		姑 不論 是 策略 上 的 差異 ，
X		尚未 定案 ，
X		延續 了 兩 周 的 太陽 花 運動 ，
LL	鬥爭	彼此 不時 透過 鬥爭 或 結合 而 爭逐 利益 ；
LL	絕路	彼等 皆 明明 知道 這 是 將 台灣 帶上 「 反中 抗中 變成 害台 禍台 」 的 絕路 。
X		彼等 皆 明明 知道 這 是 將 台灣 帶上 「 反中 抗中 變成 害台 禍台 」 的 絕路 。
X		往往 在 容易 發動 而 難以 收場 ；
X		往往 會 把 自己 化身為 某 種 具有 高度 道德 正當性 的 身分 ，
X	忽而	忽而 又 改成 四 訴求 ，
X		忽而 又 改成 四 訴求 ，
X		或 因 技術 或 專業 問題 而 變得 複雜 ，
X		或 並 無 強烈 異議 反對 ，
LL	為 反對 而 反對	或 僅 是 為 反對 而 反對 ；
X		或 僅 是 為 反對 而 反對 ；
X		或 嫌 牽強 ；
X		或 禍台 ？
X		或者 是 理念 上 的 基本 落差 ，
X		或許 凸顯 了 程序 正當性 和 結社 民主 的 重要 ，
X		所以 執法 上 往往 相當 柔軟 。
X		所有 的 民主 機制 就是 設計 來 處理 不同 意見 。
LL	拖 了	拖 了 整整 九 個 月 ，
X		拖 了 整整 九 個 月 ，
X		於是 ，
X		於是 ，
X		服貿 「 懶人包 」 會 告訴 你 ，
X		服貿 協議 之所以 弄成 今天 的 局面 ，
X		服貿 協議 作為 ＥＣＦＡ 框架 下 第一 個 具體 協議 ，
X		服貿 和 核電 即 屬 此 類 。
X		服貿 爭議 引發 學生 占領 政府 機關 ，
X		服貿 風暴 弔詭 ：
X		服貿 案 趁 亂 送出 委員會 ，
X		服貿 對 台灣 的 重要性 不只 是 在 把 市場 向 大陸 開放 ，
X		服貿協議 只是 「 送出 委員會 」 ，
X		林 、 郝 提出 假 處分 求 保全 黨員 資格 ，
X		林洋港 、 郝柏村 搭檔 參選 對抗 李登輝 而 被 撤銷 黨籍 ，
X		果真如此 ，
X		果然 ，
PS	法官 在 擒縱 之間 豈非 更 不符 比例 原則 ？	法官 在 擒縱 之間 豈非 更 不符 比例 原則 ？
PS	竟	法官 竟 以 「 檢察 總長 與 總統 並 無 隸屬 關係 」 ，
X		法官 竟 以 「 檢察 總長 與 總統 並 無 隸屬 關係 」 ，
LL	下 了 如此 重 手	法官 對於 國民黨 的 程序 之 失 下 了 如此 重 手 ，
PS	法官 難道 是 活 在 「 象牙塔 裡 」 的 人 ？	法官 難道 是 活 在 「 象牙塔 裡 」 的 人 ？
NCL	活 在 「 象牙塔 裡 」 的 人 ？	法官 難道 是 活 在 「 象牙塔 裡 」 的 人 ？
X	原地 踏步	法案 仍 在 原地 踏步 ，
LL	杯葛 	法案 審理 始終 充滿 杯葛 、 拖延 和 交易 ，
LL	拖延 	法案 審理 始終 充滿 杯葛 、 拖延 和 交易 ，
X		法案 審理 始終 充滿 杯葛 、 拖延 和 交易 ，
X		法院 的 審酌 尺度 ，
X		法院 則 以 「 司法 不 干預 政黨 事務 」 駁回 。
X		法院 卻 以 「 無法 證明 損害 」 駁回 ；
X		法院 認為 他 可能 立委 身分 不保 而 准予 假 處分 ；
X		直接 占領 國會 使 無法 運作 ，
LL	抹煞	社會 上 許多 沉默 公民 的 聲音 就 被 抹煞 ；
X		社會 上 許多 沉默 公民 的 聲音 就 被 抹煞 ；
X		社會 共識 比較 容易 凝聚 。
X		社會 動盪 的 後果 ，
X		社會 遲早 要 加倍 奉還 。
X		花 了 很多 篇幅 說明 法院 基於 什麼 立場 過問 政黨 內部 的 權利 義務 關係 ；
X		表面 上 ，
LL	「 干涉 	青年 學生 「 干涉 糾正 」 的 做法 ，
X		青年 學生 「 干涉 糾正 」 的 做法 ，
X		便 否定 了 國民黨 的 懲處權 ，
ATF	附庸 化	則 台灣 和 大陸 的 關係 就 可能 更 趨向 衛星 化 或 附庸 化 。
X		則 台灣 和 大陸 的 關係 就 可能 更 趨向 衛星 化 或 附庸 化 。
X	貴重	則 更 是 貴重 的 政治 效益 ，
X		則 更 是 貴重 的 政治 效益 ，
LL	扭曲	則 是 此 案 經過 利益 與 政治 的 交互 扭曲 ，
X		則 是 此 案 經過 利益 與 政治 的 交互 扭曲 ，
LL	漫天 喊價	則 是 學生 漫天 喊價 的 緩兵之計 ；
X	漫天 喊價	則 是 學生 漫天 喊價 的 緩兵之計 ；
LL	戰場	前者 意在 擴大 戰場 ，
X		前者 意在 擴大 戰場 ，
X		前後 一 個 月 的 差別 是 ，
X		卻 一再 改變 他們 提出 的 訴求 ，
X		卻 不 知 服貿 何 物 ；
X		卻 不 對 立法院 發出 責難 之 聲 ，
LL	害台 	卻 不無 可能 造成 「 害台 禍台 」 的 後果 。
LL	禍台	卻 不無 可能 造成 「 害台 禍台 」 的 後果 。
DT	卻 仍 要 將 台灣 帶上 絕路 ？	卻 仍 要 將 台灣 帶上 絕路 ？
LL	投鼠忌器	卻 反 暴露 歐盟 投鼠忌器 ，
LL	氣焰 高漲	卻 只是 愈發 助長 學生 氣焰 高漲 、 頤指氣使 ，
LL	頤指氣使	卻 只是 愈發 助長 學生 氣焰 高漲 、 頤指氣使 ，
X		卻 可能 決定 了 服貿 的 實質 面貌 ，
X	「 台灣 全球化 生存 戰略 」	卻 未必 是 兩岸 關係 與 「 台灣 全球化 生存 戰略 」 的 解方 。
X	卻	卻 亦 有 令 人 感到 傷痛 之 處 ：
LL	陷	卻 自 陷於 「 是 抗中反 中 ？
X		卻 自 陷於 「 是 抗中反 中 ？
X		卻 何以 仍 不 善罷干休 ，
LL	輕輕 撇 到 一 旁 不理	卻 把 王金平 的 關說 事實 輕輕 撇 到 一 旁 不理 ，
X		卻 把 王金平 的 關說 事實 輕輕 撇 到 一 旁 不理 ，
LL	喪 權 失土	卻 沒 看到 三月 喪 權 失土 、 西方 口惠 落空 的 烏克蘭 吧 ！
LL	口惠 落空	卻 沒 看到 三月 喪 權 失土 、 西方 口惠 落空 的 烏克蘭 吧 ！
X		卻 招來 更多 阻力 ，
X	卻	卻 看到 食 藍 綠 權謀 鬥爭 伎倆 之 唾 餘 。
LL	唾 餘	卻 看到 食 藍 綠 權謀 鬥爭 伎倆 之 唾 餘 。
X		卻 要 未 成年 的 學生 拋棄 學業 ，
X	挑戰 法律 的 「 不 服從 」	卻 徒 見 挑戰 法律 的 「 不 服從 」 ，
X		卻 拿 司法院 內 一 個 低層 的 「 作業 要點 」 作為 裁判 依據 ；
LL	大 毒瘤	卻 留下 了 司法 關說 的 大 毒瘤 。
LL	託詞	卻 託詞 說 「 法院 所 追求 的 公平 正義 與 政治 折衝 的 利益 妥協 截然不同 」 ，
LL	動輒	卻 動輒 以 占領 或 攻擊 政府 機構 為 樂 ，
LL	害台	卻 將 造成 害台 禍台 的 後果 。
LL	禍台	卻 將 造成 害台 禍台 的 後果 。
X		卻 從 校園 到 網路 都 凝塑 了 不容 異見 的 氛圍 ；
LL	奪取	卻 被 反對 者 奪取 了 發言權 ，
X	卻	卻 被 許多 人 當成 英雄 崇拜 。
X	把 持	卻 設立 前提 更把 持 麥克風 ，
DT	卻 連 這 點 想法 也 容不下 ？	卻 連 這 點 想法 也 容不下 ？
X		卻 提 不 出 任何 要求 退場 的 相對 條件 ，
X		卻 無法 提出 具體 對策 ，
X		卻 僅 見 「 蘇系 」 、 「 謝系 」 、 「 游系 」 等 打 著 個人 旗號 為 簇擁 的 小 團體 ，
X		卻 落在 社會 截然不同 的 氣氛點 ，
X		卻 違反 民主 」 ，
X		卻 顧忌 著 學生 的 憤怒 和 不滿 ，
X		卻 顯 重量 不足
LL	反智	卻 顯露出 嚴重 的 反智 氛圍 。
X		卻 讓 自己 的 神經 被 學生 掐 在 手 裡 。
X		卻 驟 遭 撤銷 黨籍 ，
X		待 投入 後 再 臨時 惡補 幾 個 「 懶人 包 」 ，
X		後 雖 增加 三 個 提問 ，
LL	不堪 想像	後果 不堪 想像 。
X		後者 則 是 不可能 的 任務 ，
X		後續 要 回復到 可以 重新 推動 國政 的 體制 軌道 上 ，
LL	狡猾	怎麼 鬥 得 過 普亭 這 隻 狡猾 的 北極 狼 ？
X	狡猾	怎麼 鬥 得 過 普亭 這 隻 狡猾 的 北極 狼 ？
X		急推 政策 ，
LL	走投無路	扁 政府 在 華府 及 北京 的 雙重 包夾 壓力 下 幾乎 走投無路 ；
LL	指使	指使 學生 提出 讓 政府 難以 接受 的 訴求 ，
X		指責 馬 總統 和 江揆 毫無 資格 主持 任何 改革 會議 ，
LL	破壞 憲政	挑戰 法律 若 以 破壞 憲政 為 代價 ，
X		挑戰 蘇貞昌 的 領導 。
X	一而再	政府 一而再 的 「 不 作為 」 ，
X		政府 一而再 的 「 不 作為 」 ，
X		政府 也 不 重視 他們 的 支持 。
X		政府 並 未 下令 警方 強力 驅離 ，
LL	癥結	政府 官員 溝通 不足 、 欠缺 誠意 也 是 主要 癥結 。
X		政府 官員 溝通 不足 、 欠缺 誠意 也 是 主要 癥結 。
LL	打發	政府 卻 又 想 用 「 經貿 國是 會議 」 來 打發 ，
X		政府 卻 又 想 用 「 經貿 國是 會議 」 來 打發 ，
LL	瘖啞	政府 瘖啞 ，
X		政府 瘖啞 ，
X		政府 認為 是 依法 執法 ，
X		政府 應該 提出 具體 解說 ，
LL	難辭其咎	政府 難辭其咎 。
X		政府 難辭其咎 。
X		政治 人物 的 責任 ，
X		政院版 的 《 兩岸 協議 監督 條例 》 草案 今天 將 送至 立法院 ，
X		政黨 「 私有化 」 是 個 值得 玩味 的 提法 。
X		政黨 的 「 私有化 」 ，
X		政黨 結社 本 是 基於 理念 的 結合 ，
LL	一廂情願	故 政府 不能 僅 以 有利 經濟 民生 就 一廂情願 地 強推 政策 ，
LL	強推 政策	故 政府 不能 僅 以 有利 經濟 民生 就 一廂情願 地 強推 政策 ，
X		既 要 心理 上 「 親歐 」 ，
X		既有 多元化 意見 ，
X		昨天 又 攻進 行政院 ，
X		昨天 地院 的 判決書 ，
X		昨天 的 判決 結果 ，
LL	悍然	昨天 學生 不僅 悍然 拒絕 接受 「 經貿 國是 會議 」 ，
X	嚴重	是 一 次 嚴重 的 政治 危機 ，
LL	一針見血	是 一針見血 之 論 。
X		是 一針見血 之 論 。
X		是 今年 二月 烏克蘭 國會 在 示威 中 遭到 武裝 分子 占領 ；
X		是 反 黑箱 ？
X		是 可以 預期 的 結果 。
X		是 目前 民進黨 扮演 的 角色 「 公共性 」 不足 ，
LL	程序 杯葛 	是 因 審查 服貿 不斷 出現 程序 杯葛 及 混亂 ，
LL	混亂	是 因 審查 服貿 不斷 出現 程序 杯葛 及 混亂 ，
X		是 因為 忘 了 沉默 的 大眾
X		是 在 「 民事 庭 」 可否 受理 政黨 黨員 資格 的 訴訟 ；
X		是 在 改善 兩岸 政經 關係 ，
X		是 例外 中 的 例外 。
X		是 近日 才 讀 了 服貿 「 懶人包 」 ，
X		是 指 民進黨 「 逢 中必 反 」 的 政策 應該 調整 ；
X		是 政府 一直 未 能 將 社會 上 支持 服貿 的 沉默 力量 當成 後盾 ，
X		是 為 正 辦 。
X		是 要 追究 公務員 洩漏 「 應 秘密 」 的 消息 或 文書 ；
X		是 要 經由 組織 與 代言 ，
X		是 黑箱 作業 ；
X		是 歐盟 發表 了 兩 波 對 卅多 名 俄國 官員 的 制裁 名單 ，
X		是 誰 把 只有 「 過 」 或 「 不過 」 兩 條 路 的 服貿 協議 ，
X		是 誰 把 服 貿協議 公聽會 拖延 了 九 個 月 之 久 ，
X		是 靠 著 耕耘 公共 領域 的 荒蕪 地帶 ，
X		是 學生 在 運動 中 表現 的 民主 氣質 問題 。
X		是 學生 們 攻占 的 是 代表 民主 國家 「 國會 主權 」 的 議事 殿堂 ，
X		是否 可 立即 據 此 要求 恢復 黨籍 ？
X		是否 合於 知識 的 良知 及 比例 原則 ？
X		是否 存在 涉中 議題 上 的 迷障 ，
X		某些 議題 由於 是非 分明 ，
X		派系 至少 是 建立 在 理念 或 路線 的 異同 。
X		為 他們 發出 聲音 ，
DT	為 台灣 爭取 利益 ？	為 台灣 爭取 利益 ？
X		為 向 社會 大眾 說明 案情 ，
X		為 此 ，
X		為何 立院 審議 新加坡 協議 及 紐西蘭 協議 皆 遵照 「 行政 議簽 ╱ 事 後 審查 ╱ 包裹 表決 」 的 立法 規範 ，
X		為何 明明 知道 ，
X		甚至 也 可能 符合 國民黨 意欲 求和 的 心理 ；
X		甚至 以 占領 立院 或 攻占 其他 官署 為 手段 ，
X		甚至 有 被 黨 內 某些 個人 或 特定 群體 把持 的 傾向 ，
X		甚至 沒有 足夠 能量 帶領 社會 往 前 推進 。
X		甚至 尚 主張 另 訂 《 兩岸 協議 監督 條例 》 （ 難道 也 要 訂 《 ＴＰＰ 監督 條例 》 ，
X		甚至 承認 了 民眾 對 其 「 逢 中必 反 」 之 厭惡 。
X		甚至 要求 制訂 「 兩岸 協議 監督 條例 」 ，
X		甚至 破壞 立法院 和 議場 設施 ，
X		甚至 強烈 懷疑 政策 動機 。
X		甚至 連 特偵組 開 記者會 說明 關說 情節 ，
LL	視 人民 為 政黨 可 驅遣 之 「 工具 」 	甚至 視 人民 為 政黨 可 驅遣 之 「 工具 」 ，
X		甚至 衝撞 行政院 ，
X		相形之下 ，
X		相信 一定 能 修出 比 大法官 解釋 更 進步 的 《 集遊法 》 。
X		相當 程度 反映 了 當下 台灣 詭異 的 政治 氣候 和 社會 氛圍 。
X		相對 於 判決 造成 的 法政 影響 顯 不 相當 。
LL	大剌剌	看 王金平 昨天 大剌剌 拒絕 出席 「 院際 會議 」 ，
X		看來 ，
LL	併吞	看看 普亭 併吞 克里米亞 的 三部曲 ，
X		看看 該 黨 近 廿 年 的 變化 即 一目了然 。
X		約 占 烏克蘭 國內 生產 毛額 的 十二％ 。
X		美國 和 歐盟 的 態度 也 不 一致 。
X		美國 國務卿 柯瑞 訪問 烏克蘭 ，
X	胡適	胡適 當年 論 「 容忍 」 ，
X		若 不 向 統領 五 院 的 總統 報告 ，
X		若 不能 參與 ＴＰＰ 或 ＲＣＥＰ ，
X		若 自 外 於 周邊 國家 正 熱烈 構築 的 區域 夥伴 協議 ，
X		若 能 讓 立院 恢復 運作 ，
NCL	服貿 黑箱	若 從 「 反 服貿 黑箱 」 訴求 看 ，
X		若 從 「 反 服貿 黑箱 」 訴求 看 ，
X		若 無 兩岸 貿易 挹注 ，
X		若 無法 爭取到 中間 力量 的 支持 ，
X		若 當初 經 「 中評會 」 而 非 「 考紀會 」 決議 ，
X		若 學生 無法 針對 「 反 服貿 」 訴求 設定 可以 達成 的 目標 ，
X		若此 一 判決 成為 判例 ，
X		若此 一 數字 屬實 ，
X		若此 事 無法 妥善 解決 ，
X		若是 規模 較 小 的 陳情 請願 ，
X		要 回答 的 問題 太多 ，
LL	「 反 民主 」	要 指 誰 「 反 民主 」 、 「 黑箱 」 ，
LL	「 黑箱 」 ，	要 指 誰 「 反 民主 」 、 「 黑箱 」 ，
X		要 容忍 異議 。
X		要 說 國民黨 的 懲處 不符 比例 原則 ，
X		要 說 這 次 判決 是 為 王金平 「 量 身 打造 」 ，
X		要 談 民進黨 的 「 私有化 」 ，
X		要 學生 和平 離開 他們 占領 的 國會 ，
X		要 讓 台灣 「 變成 第二 個 烏克蘭 」 。
X		要求 立委 簽署 承諾書 ，
X		要求 李登輝 下台 。
LL	困窘	迫使 台灣 經濟 困窘 而 釀生 內亂 再 加 利用為 好 。
LL	迫使	迫使 政府 做出 改革 。
X		迫使 政府 做出 改革 。
X		重新 設定 收場 目標 ，
X		重點 則 在 「 公權 」 身分 的 認定 ，
X	區域 經濟 整合 趨勢	面對 區域 經濟 整合 趨勢 ，
X		面對 區域 經濟 整合 趨勢 ，
BW	絕不	音量 絕不 稍 遜 ，
NCL	「 解嚴 後 首 波 民主 世代 」	倘若 二十六 歲 的 林 生 此 語 能夠 反映 這些 「 解嚴 後 首 波 民主 世代 」 對 民主 政治 的 認知 與 思想 ，
X		倘若 二十六 歲 的 林 生 此 語 能夠 反映 這些 「 解嚴 後 首 波 民主 世代 」 對 民主 政治 的 認知 與 思想 ，
X		倘若 不 持 政治 成見 ，
X		值得 注意 的 是 ，
X		值得 擔心 的 倒 不 是 此 一 行動 會 演成 失控 ，
X		剛剛 從 街頭 奪得 政權 的 烏克蘭 臨時 政府 ，
X		原本 只是 要求 服貿 逐條 審查 ，
LL	井然有序	原本 贏得 外界 讚賞 的 井然有序 ，
X		原本 贏得 外界 讚賞 的 井然有序 ，
X		原因 不 在 經貿 議題 不 重要 ，
X		原因 是 ，
X		原因 是 ，
X		原因 無 他 ，
X		原是 民主 的 日常 課題 。
X		哪 有 國家 大局 可 言 。
X		容忍 比 自由 更 重要 。
X		弱勢 產業 容易 受到 市場 開放 的 影響 ，
X		恐 也 是 構成 敗訴 原因 。
LL	失之 偏頗	恐怕 失之 偏頗 。
X		恐怕 失之 偏頗 。
X		恐怕 尚 在 未定之天 。
LL	狗尾續貂	恐怕 都 是 狗尾續貂 。
X		恐怕 都 是 狗尾續貂 。
LL	挾制 民意	捍衛 民主 若 以 挾制 民意 為 得 計 ，
X		捍衛 民主 若 以 挾制 民意 為 得 計 ，
LL	根本	根本 不 在乎 犧牲 台灣 的 未來 及 民眾 的 利益 。
X		根本 不 在乎 犧牲 台灣 的 未來 及 民眾 的 利益 。
LL	根本	根本 毋 需 擔心 市場 開放 會 對 台灣 造成 致命 衝擊 。
LL	根本	根本 和 蘇貞昌 沒有 兩樣 。
LL	集體 暴力 	根本 是 在 利用 集體 暴力 剝奪 個人 意志 ，
X		根本 是 在 利用 集體 暴力 剝奪 個人 意志 ，
X		根據 《 人團法 》 ，
X		案件 審議 的 程序 也 有 瑕疵 ，
X		烏克蘭 不再 是 外界 關注 的 焦點 ，
X		烏克蘭 今天 的 處境 ，
LL	前車之鑑	烏克蘭 近日 的 情勢 更 可謂 前車之鑑 。
X		烏克蘭 近日 的 情勢 更 可謂 前車之鑑 。
X		烏克蘭 卻 失去 了 克里米亞 ，
DT	烏克蘭 財政 會不會 崩潰 ，	烏克蘭 財政 會不會 崩潰 ，
X		烏克蘭 財政 會不會 崩潰 ，
X		特偵組 把 王金平 、 曾 勇夫 、 柯建銘 等 人 的 部分 通 聯 紀錄 在 記者會 上 披露 ，
LL	令 人 三 嘆	真是 令 人 三 嘆 的 法匠 思維 。
NCL	法匠	真是 令 人 三 嘆 的 法匠 思維 。
X		站 在 檢察 總長 的 立場 ，
X		紛亂 經年 ，
X		能 反映 主事 者 希望 傳播 的 價值 ，
X		草案 採取 了 「 四 加 二 」 的 監督 程序 ，
PS	豈不 變成 自己 所 鄙薄 的 人 ？	豈不 變成 自己 所 鄙薄 的 人 ？
X		起因 是 認為 張慶忠 宣布 服貿 為 「 已 審查 」 違反 程序 正義 ，
X		院 外 和 各 地 的 聲援 也 在 擴大 。
X		院際 會議 解套
LL	肆無忌憚	除 太陽花 較 野百合 肆無忌憚 外 ，
X		除了 「 親歐 」 或 「 親俄 」 的 路線 鬥爭 外 ，
X		除了 投票 「 數 人頭 」 ，
X		除了 缺乏 正當性 ，
X		除了 塗鴉 、 貼 海報 ，
X	經濟 受阻	除了 經濟 受阻 ，
X		除非 國會 「 以 民主 埋葬 民主 」 ，
X		除非 學生 及 民進黨 主張 台灣 應 由 北京 全面 「 包養 」 ，
X		馬 政府 上任 後 ，
X		馬 政府 已 同意 服貿協議 退回 委員會 重 審 ，
X		馬 政府 今天 的 讓步 即 完全 失去 意義 。
LL	步步 退讓	馬 政府 步步 退讓 ，
X		馬 政府 的 民意 支持度 偏低 是 其一 ，
X		馬 政府 的 危機 處理 常常 落入 「 打破 杯子 ，
X		馬 政府 則 交由 行政院 規劃 召開 「 經貿 國是 會議 」 作為 因應 ；
LL	狂暴 反對	馬 政府 當初 是 在 民進黨 的 狂暴 反對 下 ，
LL	置若罔聞	馬 政府 置若罔聞 。
DT	?	馬 政府 難道 也 只 能 照單全收 ？
X		馬 總統 已 表明 支持 「 兩岸 協議 監督 機制 」 的 法制化 ，
X		馬 總統 可以 不 在乎 自己 的 尊嚴 受損 ，
LL	受挫	馬 總統 多 次 受挫 ，
LL	步步 退讓	馬 總統 步步 退讓 ，
X		馬 總統 的 民意 支持度 現在 還 剩下 幾 趴 ，
X		馬 總統 要 陪 學生 玩 到 幾時 ？
X		馬 總統 聲稱 「 尊重 國會 自主 」 ，
LL	一敗塗地	馬王 的 九月 政爭 落得 一敗塗地 並 賠上 黃世銘 ，
X	一敗塗地	馬王 的 九月 政爭 落得 一敗塗地 並 賠上 黃世銘 ，
DS	必須	馬英九 、 江宜樺 必須 懂得 召喚 「 沉默 的 多數 」 ，
LL	薄弱	馬英九 的 「 領導 力 」 薄弱 ，
X		馬英九 的 「 領導 力 」 薄弱 ，
X		馬英九 與 江宜樺 都 是 學者 氣味 太 重 的 人 ，
X		假設 蔡英文 當選 主席 ，
LL	過激	偶爾 有 過激 人士 ，
LL	區區	區區 五百 名 學生 的 代表性 又 在 哪裡 ？
X		區區 五百 名 學生 的 代表性 又 在 哪裡 ？
X		參加 ＴＰＰ 及 ＲＣＥＰ 等 區域 經濟 夥伴 協定 ，
X		參與 此 次 學運 的 學生 ，
X		唯 「 退回 服貿 ╱ 重啟 談判 」 等 學運 主張 ，
X		唯 民進黨 立院 黨團 不能 說 「 黑箱 」 ；
X		唯 這 個 國家 畢竟 仍 要 等到 學生 退出 國會 議場 後 始 能 正常 運作 ，
X		唯獨 服貿協議 卻 要 「 政黨 協商 ╱ 逐條 審查 」 ，
X		問題 在 ，
X		問題 在 ，
X		問題 是 ，
X		問題 是 ，
X		問題 是 ，
X	不斷 地 「 擋 」	國民黨 的 因應 就是 不斷 地 「 擋 」 ，
X		國民黨 的 因應 就是 不斷 地 「 擋 」 ，
X	只 為了	國民黨 排 案 只 為了 早日 交差 了事 ，
NCL	霸占 國會 者	國家 能否 由 霸占 國會 者 來 領導
PS	國家 能否 由 霸占 國會 者 來 領導	國家 能否 由 霸占 國會 者 來 領導
X		國家 還 有 許多 服 貿協議 以外 的 案件 待 審 ，
X		國會 失守 ，
FW	國會 正 是 民主 憲政 中 由 選舉 產生 的 最 高 民意 機關 ，	國會 正 是 民主 憲政 中 由 選舉 產生 的 最 高 民意 機關 ，
X		國會 被 占 無法 議事 ，
FW	國會 象徵 的 就是 民意 。	國會 象徵 的 就是 民意 。
X	國會 凜然 不可 侵犯	國會 凜然 不可 侵犯 ，
X		國際 社會 對 烏克蘭 「 人民 民主 」 一 片 稱 揚 。
X		國際 社會 對 烏克蘭 失去 克里米亞 的 惋惜 ，
X		國際 媒體 把 鏡頭 從 基輔 移 到 了 克里米亞 ，
LL	結黨營私	執政 菁英 則 長袖善舞 、 結黨營私 ；
X		基本 上 都 採取 尊重 及 不 介入 的 原則 ；
X		將 《 兩岸 服貿 協議 》 送進 院會 存查 。
LL	鬥垮	將 他 鬥垮 ，
X		將 使 台灣 更加 依賴 中國 ，
LL	無效	將 使 歐盟 的 制裁 顯得 無效 又 自傷 ，
X		將 使 歐盟 的 制裁 顯得 無效 又 自傷 ，
X		將 其 拉回 「 逐條 審查 」 ；
LL	動輒	將 長久以來 朝野 政黨 動輒 以 「 黨紀 」 、 「 黨規 」 懲處 黨員 的 鍘刀 繳械 。
X		帶去 了 十億 美元 貸款 的 大禮 ；
X		帶頭 的 幾 個 學生 當 非 出於 無知 ；
X		張慶忠 的 「 黑暗 三十 秒 」 固然 應 受 抨擊 ，
FW	 「 捍衛 民主 」 	強調 「 捍衛 民主 」 ，
LL	得不償失 。	得不償失 。
X		得不償失 。
X		得來 不易 ，
X		從 「 看出 問題 」 到 「 解決 問題 」 ，
X		從 占領 立法院 到 占領 行政院 ，
X		從 先前 地院 的 假 處分 判決 與 高院 駁回 國民黨 的 抗告 看 ，
X		從 這 個 觀點 看 ，
X		從 學生 發動 突襲 占領 議場 ，
LL	不見天日	從此 不見天日 ；
X	不見天日	從此 不見天日 ；
LL	 壟斷	從而 壟斷 了 民主 舞台 ；
X		從而 壟斷 了 民主 舞台 ；
X		掛 著 「 國民黨 不 分區 立委 」 頭銜 出任 議長 的 王金平 ，
X		接下來 ，
TTC	毫無 疑問 ，	毫無 疑問 ，
X	毫無 疑問 	毫無 疑問 ，
X		牽涉 的 價值 爭論 較 低 ，
LL	為 鬥爭 而 鬥爭	現在 則 形諸 民進黨 之 為 鬥爭 而 鬥爭 ，
X	鬥爭	現在 則 形諸 民進黨 之 為 鬥爭 而 鬥爭 ，
X		現在 這 個 國家 是 由 我們 年輕人 在 領導 …… 。
X		理由 有 二 ：
X		理由 是 ，
X		畢竟 ，
BW	不可能 靠 著 街頭 抗議 或 國際 鎂光燈 解決 	畢竟 不可能 靠 著 街頭 抗議 或 國際 鎂光燈 解決 ，
X		眼看 已 難以 維持 ，
PS	竟	竟 也 構成 洩密 ，
LLL	葬送	竟 不惜 葬送 台灣 。
PS	竟	竟 以 可以 救濟 的 「 程序 正義 」 賠上 分秒必爭 且 無可 逆轉 的 「 台灣 全球化 機遇 」 ，
FW	「 台灣 全球化 機遇 」	竟 以 可以 救濟 的 「 程序 正義 」 賠上 分秒必爭 且 無可 逆轉 的 「 台灣 全球化 機遇 」 ，
PS	竟	竟 連 馬 政府 也 不 設 停損點 、 唾面自乾 地 和 學生 在 那裡 耗 著 ，
LL	唾面自乾 地	竟 連 馬 政府 也 不 設 停損點 、 唾面自乾 地 和 學生 在 那裡 耗 著 ，
X	唾面自乾	竟 連 馬 政府 也 不 設 停損點 、 唾面自乾 地 和 學生 在 那裡 耗 著 ，
X		第一 ，
X		第二 ，
X		第二 度 表示 意見 。
LL	陷	終 陷 惡性 循環 。
LL	惡性 循環	終 陷 惡性 循環 。
X		組織 健全 ，
X		統治 能力 也 受到 質疑 。
LL	軟弱 可 欺	莫非 就是 看穿 了 總統 的 軟弱 可 欺 ？
LL	軟弱	莫非 就是 看穿 了 總統 的 軟弱 可 欺 ？
LL	不能 動彈	被 卡住 不能 動彈 的 議案 豈止 服貿 協議 一 案 ？
X		被 卡住 不能 動彈 的 議案 豈止 服貿 協議 一 案 ？
X		許多 人 更 以 積極 態度 了解 政策 制訂 過程 ，
LL	錯誤 百出	許多 民眾 寧可 相信 錯誤 百出 的 「 懶人 包 」 ，
X		許多 民眾 寧可 相信 錯誤 百出 的 「 懶人 包 」 ，
X		許多 立委 對於 失去 問政 舞台 、 發言權 拱手讓人 ，
X		許多 法案 到 了 立法院 ，
X		許多 區域 夥伴 國家 要 看 北京 的 態度 ，
X		許多 國家 的 司法權 ，
X		許多 連 宋 的 支持 者 認為 三一九槍 擊 事件 有 造假 之 嫌 ，
X	「 反中  	這 一 場 「 反中 抗中 」 的 風暴 ，
X	抗中 」 	這 一 場 「 反中 抗中 」 的 風暴 ，
X		這 一 場 「 反中 抗中 」 的 風暴 ，
X		這 十六 年 來 的 各 種 大小 示威 抗議 陳情 ，
NCL	法匠	這 又 是 另 一 法匠 見解 。
X		這 又 是 另 一 法匠 見解 。
LL	讓 人 遺憾	這 也 是 日前 王金平 黨籍案 判決 讓 人 遺憾 的 主因 ，
X		這 也 是 日前 王金平 黨籍案 判決 讓 人 遺憾 的 主因 ，
BWF	這 不 是 民進黨 的 「 私有化 」 是 什麼 ？	這 不 是 民進黨 的 「 私有化 」 是 什麼 ？
BW	這 不 是 民進黨 的 「 私有化 」 是 什麼 ？	這 不 是 民進黨 的 「 私有化 」 是 什麼 ？
PS	這 不 是 在 阻斷 台灣 加入 ＴＰＰ 及 ＲＣＥＰ 之 路 嗎 ？	這 不 是 在 阻斷 台灣 加入 ＴＰＰ 及 ＲＣＥＰ 之 路 嗎 ？
X		這 不僅 是 台灣 首見 ，
ATF	最 厲 的 鬼魅	這 半 年 多 來 折磨 黃世銘 最 厲 的 鬼魅 ，
X		這 半 年 多 來 折磨 黃世銘 最 厲 的 鬼魅 ，
LL	 亂子 	這 件 事 所 起始 的 「 鬧 下 了 亂子 」 ，
X	踰越	這 在 任何 法治 社會 都 踰越 了 「 公民 自由 」 的 界限 。
DT	?	這 如何 讓 黨 內 理性 的 聲音 被 聽見 ？
X		這 如何 讓 黨 內 理性 的 聲音 被 聽見 ？
X		這 次 因 「 反 服貿 」 而 湧上 街頭 的 學生 ，
LL	荒謬	這 次 抗爭 畢竟 是 因 服貿協議 在 立院 荒謬 的 審議 過程 而 起 。
X		這 次 抗爭 畢竟 是 因 服貿協議 在 立院 荒謬 的 審議 過程 而 起 。
X		這 次 的 反 服貿 示威 ，
X		這 次 的 服貿 議題 ，
X		這 次 卻 又 添 一 樁 。
LL	迅雷不及掩耳 地	這 次 學生 迅雷不及掩耳 地 攻下 國會 ，
X		這 次 學生 迅雷不及掩耳 地 攻下 國會 ，
X		這 次 學運 如果 企圖 有所 成就 ，
X		這 次 學運 有沒有 可能 理性 和平 收場 ？
FW	民主 精神	這 並 不符 民主 精神 ，
LL	嚴酷 	這 使得 民進黨 若 再 執政 必 遭 北京 嚴酷 挾制 。
LL	挾制	這 使得 民進黨 若 再 執政 必 遭 北京 嚴酷 挾制 。
X		這 兩 天 ，
X	忽而	這 兩 天 他們 忽而 提出 三 訴求 ，
X		這 其中 除了 學生 群眾 對於 抗爭 路線 的 歧異 ，
X		這 其實 要 歸功於 台灣 民主 的 成熟 ，
X		這 和 一般 政黨 動員 的 社會 群眾 大不相同 。
X		這 股 沉默 力量 才能 成為 政府 處理 危機 的 後盾 。
X		這 是 一 把 雙面 刃 。
NCL	立法院 之 恥	這 是 立法院 之 恥 。
X		這 是 多數 懶人包 沒 提 的 事 ，
X		這 是 她 對 黨 「 私有化 」 的 憂慮 。
X		這 是 事實 ；
NCL	法匠	這 是 法匠 的 通病 ，
X		這 是 法匠 的 通病 ，
LL	悲劇	這 是 黃世銘 的 悲劇 ，
X		這 是 黃世銘 的 悲劇 ，
X		這 是 繼 民國 八十七年 的 釋字 四四五 號 解釋 之後 ，
LL	漠視	這 個 社會 裡 很多 人 的 「 公民 」 或 「 人民 」 的 身分 其實 是 被 漠視 了 。
NCL	棉花糖	這 個 政府 簡直 像 棉花糖 似地 ，
LL	自我 拉扯	這 個 國家 豈不 注定 要 在 想像 與 現實 的 兩極 間 自我 拉扯 ？
BW	這 個 國家 豈不 注定 要 在 想像 與 現實 的 兩極 間 自我 拉扯 ？	這 個 國家 豈不 注定 要 在 想像 與 現實 的 兩極 間 自我 拉扯 ？
X	注定	這 個 國家 豈不 注定 要 在 想像 與 現實 的 兩極 間 自我 拉扯 ？
X	反 民主	這 根本 是 反 民主 的 行徑 。
PS	這 真的 有 把 服貿 當 回 事 嗎 ？	這 真的 有 把 服貿 當 回 事 嗎 ？
PS	這 豈 符合 其 「 捍衛 民主 」 的 口號 ？	這 豈 符合 其 「 捍衛 民主 」 的 口號 ？
LL	扭曲	這 豈非 政黨 政治 的 扭曲 ？
PS	這 豈非 政黨 政治 的 扭曲 ？	這 豈非 政黨 政治 的 扭曲 ？
LL	拘泥 不 化	這 除了 拘泥 不 化 ，
X		這 堂 民主課 教 我們 的 事
NCL	這 堂 課	這 堂 課 一時 還 無法 下課 ，
LL	衰變	這 從 一連串 茉莉花 革命 的 衰變 已 可 得知 ，
NCL	 反 服貿 大 火	這 場 反 服貿 大 火 愈 燒 愈 烈 並 走上 歧路 ，
LL	風暴	這 場 服貿 風暴 ，
X		這 場 服貿 風暴 ，
NCL	風暴	這 場 服貿 風暴 至少 已 產生 三 種 效應 ：
NCL	風暴	這 場 服貿 風暴 的 弔詭 是 ：
X		這 場 服貿 風暴 應 如何 定性 ？
NCL	風暴	這 場 風暴 的 主角 是 大學生 ，
NCL	風暴	這 場 風暴 的 真正 性質 其實 是 「 反中 」 。
LL	混亂	這 場 混亂 將 伊於胡底 ？
X		這 場 混亂 將 伊於胡底 ？
X	正向	這 場 學運 有 頗多 正向 意義 ，
X		這 場 學運 有 頗多 正向 意義 ，
X		這 場 學運 的 社會 背景 ，
X		這 就是 台灣 的 立法 委員 ，
X		這 項 法案 自 去年 六月 送審 至今 已經 九 個 月 ，
X		這 對 知識分子 來 說 ，
X		這 對 高度 倚賴 俄國 油氣 的 歐盟 國家 一樣 會 有 傷害 ，
LL	決裂	這 種 社會 意見 的 對立 決裂 ，
X		這 種 社會 意見 的 對立 決裂 ，
LL	政府 的 失 能	這 確實 是 政府 的 失 能 。
X		這 確實 是 政府 的 失 能 。
X		這 點 ，
X		這 點 ，
PS	這 難道 不 是 民主 的 失控 ？	這 難道 不 是 民主 的 失控 ？
X	難道 不 是 民主 的 失控 ？	這 難道 不 是 民主 的 失控 ？
X		這 類 聲音 從來 不 曾 斷 過 。
NCL	民主 鬧劇	這 齣 民主 鬧劇 ，
PS	這些 人 有 認真 看待 學生 的 不滿 嗎 ？	這些 人 有 認真 看待 學生 的 不滿 嗎 ？
X		這些 人 有 認真 看待 學生 的 不滿 嗎 ？
